Estado;Região;Data;Valor
Distrito Federal;Centro-Oeste;01/01/12;0,30
Goiás;Centro-Oeste;01/01/12;-5,20
Bahia;Nordeste;01/01/12;-0,70
Ceará;Nordeste;01/01/12;1,40
Pernambuco;Nordeste;01/01/12;-2,30
Espírito Santo;Sudeste;01/01/12;-2,30
Minas Gerais;Sudeste;01/01/12;-0,30
Rio de Janeiro;Sudeste;01/01/12;0,10
São Paulo;Sudeste;01/01/12;1,20
Paraná;Sul;01/01/12;-2,70
Rio Grande do Sul;Sul;01/01/12;0,80
Santa Catarina;Sul;01/01/12;-2,70
Distrito Federal;Centro-Oeste;01/01/13;4,50
Goiás;Centro-Oeste;01/01/13;-1,30
Bahia;Nordeste;01/01/13;0,60
Ceará;Nordeste;01/01/13;-5,10
Pernambuco;Nordeste;01/01/13;-3,40
Espírito Santo;Sudeste;01/01/13;-0,70
Minas Gerais;Sudeste;01/01/13;-0,40
Rio de Janeiro;Sudeste;01/01/13;-1,10
São Paulo;Sudeste;01/01/13;0,20
Paraná;Sul;01/01/13;0,30
Rio Grande do Sul;Sul;01/01/13;-2,10
Santa Catarina;Sul;01/01/13;0,50
Distrito Federal;Centro-Oeste;01/01/14;-2,20
Goiás;Centro-Oeste;01/01/14;4,20
Bahia;Nordeste;01/01/14;2,90
Ceará;Nordeste;01/01/14;-1,80
Pernambuco;Nordeste;01/01/14;0,10
Espírito Santo;Sudeste;01/01/14;2,20
Minas Gerais;Sudeste;01/01/14;-0,30
Rio de Janeiro;Sudeste;01/01/14;1,10
São Paulo;Sudeste;01/01/14;2,20
Paraná;Sul;01/01/14;0,30
Rio Grande do Sul;Sul;01/01/14;-0,50
Santa Catarina;Sul;01/01/14;0,70
Distrito Federal;Centro-Oeste;01/01/15;-5,20
Goiás;Centro-Oeste;01/01/15;1,40
Bahia;Nordeste;01/01/15;-10,50
Ceará;Nordeste;01/01/15;-8,60
Pernambuco;Nordeste;01/01/15;0,20
Espírito Santo;Sudeste;01/01/15;-2,80
Minas Gerais;Sudeste;01/01/15;-1,80
Rio de Janeiro;Sudeste;01/01/15;-0,30
São Paulo;Sudeste;01/01/15;-0,70
Paraná;Sul;01/01/15;-1,00
Rio Grande do Sul;Sul;01/01/15;2,20
Santa Catarina;Sul;01/01/15;-0,10
Distrito Federal;Centro-Oeste;01/01/16;9,20
Goiás;Centro-Oeste;01/01/16;-1,70
Bahia;Nordeste;01/01/16;-6,20
Ceará;Nordeste;01/01/16;-3,10
Pernambuco;Nordeste;01/01/16;-2,40
Espírito Santo;Sudeste;01/01/16;-4,90
Minas Gerais;Sudeste;01/01/16;0,60
Rio de Janeiro;Sudeste;01/01/16;-3,70
São Paulo;Sudeste;01/01/16;1,20
Paraná;Sul;01/01/16;-0,40
Rio Grande do Sul;Sul;01/01/16;0,70
Santa Catarina;Sul;01/01/16;0,90
Distrito Federal;Centro-Oeste;01/01/17;4,00
Goiás;Centro-Oeste;01/01/17;1,50
Bahia;Nordeste;01/01/17;2,40
Ceará;Nordeste;01/01/17;-2,10
Pernambuco;Nordeste;01/01/17;2,70
Espírito Santo;Sudeste;01/01/17;2,60
Minas Gerais;Sudeste;01/01/17;-1,80
Rio de Janeiro;Sudeste;01/01/17;2,60
São Paulo;Sudeste;01/01/17;1,20
Paraná;Sul;01/01/17;9,10
Rio Grande do Sul;Sul;01/01/17;2,00
Santa Catarina;Sul;01/01/17;3,70
Distrito Federal;Centro-Oeste;01/01/18;-3,10
Goiás;Centro-Oeste;01/01/18;-0,50
Bahia;Nordeste;01/01/18;1,40
Ceará;Nordeste;01/01/18;7,20
Pernambuco;Nordeste;01/01/18;-0,50
Espírito Santo;Sudeste;01/01/18;-1,50
Minas Gerais;Sudeste;01/01/18;-1,50
Rio de Janeiro;Sudeste;01/01/18;-0,40
São Paulo;Sudeste;01/01/18;-1,40
Paraná;Sul;01/01/18;-1,30
Rio Grande do Sul;Sul;01/01/18;-4,30
Santa Catarina;Sul;01/01/18;-3,60
Distrito Federal;Centro-Oeste;01/01/19;-4,80
Goiás;Centro-Oeste;01/01/19;1,20
Bahia;Nordeste;01/01/19;1,10
Ceará;Nordeste;01/01/19;4,30
Pernambuco;Nordeste;01/01/19;-2,50
Espírito Santo;Sudeste;01/01/19;2,10
Minas Gerais;Sudeste;01/01/19;-1,00
Rio de Janeiro;Sudeste;01/01/19;3,80
São Paulo;Sudeste;01/01/19;-0,40
Paraná;Sul;01/01/19;-0,50
Rio Grande do Sul;Sul;01/01/19;-0,30
Santa Catarina;Sul;01/01/19;-2,00
Distrito Federal;Centro-Oeste;01/01/20;7,20
Goiás;Centro-Oeste;01/01/20;4,30
Bahia;Nordeste;01/01/20;2,10
Ceará;Nordeste;01/01/20;2,60
Pernambuco;Nordeste;01/01/20;7,70
Espírito Santo;Sudeste;01/01/20;-1,80
Minas Gerais;Sudeste;01/01/20;1,90
Rio de Janeiro;Sudeste;01/01/20;-0,40
São Paulo;Sudeste;01/01/20;-0,20
Paraná;Sul;01/01/20;2,90
Rio Grande do Sul;Sul;01/01/20;-0,80
Santa Catarina;Sul;01/01/20;2,20
Distrito Federal;Centro-Oeste;01/01/21;20,20
Goiás;Centro-Oeste;01/01/21;-1,00
Bahia;Nordeste;01/01/21;-8,00
Ceará;Nordeste;01/01/21;0,80
Pernambuco;Nordeste;01/01/21;1,90
Espírito Santo;Sudeste;01/01/21;1,10
Minas Gerais;Sudeste;01/01/21;5,00
Rio de Janeiro;Sudeste;01/01/21;1,40
São Paulo;Sudeste;01/01/21;1,50
Paraná;Sul;01/01/21;0,20
Rio Grande do Sul;Sul;01/01/21;2,50
Santa Catarina;Sul;01/01/21;6,60
Distrito Federal;Centro-Oeste;01/01/22;-5,80
Goiás;Centro-Oeste;01/01/22;1,40
Bahia;Nordeste;01/01/22;0,60
Ceará;Nordeste;01/01/22;0,80
Pernambuco;Nordeste;01/01/22;1,80
Espírito Santo;Sudeste;01/01/22;2,90
Minas Gerais;Sudeste;01/01/22;-0,10
Rio de Janeiro;Sudeste;01/01/22;-2,10
São Paulo;Sudeste;01/01/22;-2,10
Paraná;Sul;01/01/22;-1,80
Rio Grande do Sul;Sul;01/01/22;-0,30
Santa Catarina;Sul;01/01/22;-1,60
Distrito Federal;Centro-Oeste;01/01/23;-4,80
Goiás;Centro-Oeste;01/01/23;1,40
Bahia;Nordeste;01/01/23;2,70
Ceará;Nordeste;01/01/23;-4,10
Pernambuco;Nordeste;01/01/23;-4,20
Espírito Santo;Sudeste;01/01/23;4,60
Minas Gerais;Sudeste;01/01/23;-1,90
Rio de Janeiro;Sudeste;01/01/23;-7,40
São Paulo;Sudeste;01/01/23;-4,80
Paraná;Sul;01/01/23;3,10
Rio Grande do Sul;Sul;01/01/23;-0,60
Santa Catarina;Sul;01/01/23;-1,50
Distrito Federal;Centro-Oeste;01/01/24;2,70
Goiás;Centro-Oeste;01/01/24;-1,10
Bahia;Nordeste;01/01/24;-1,80
Ceará;Nordeste;01/01/24;2,50
Pernambuco;Nordeste;01/01/24;0,40
Espírito Santo;Sudeste;01/01/24;0,20
Minas Gerais;Sudeste;01/01/24;-0,30
Rio de Janeiro;Sudeste;01/01/24;5,40
São Paulo;Sudeste;01/01/24;0,20
Paraná;Sul;01/01/24;2,10
Rio Grande do Sul;Sul;01/01/24;0,10
Santa Catarina;Sul;01/01/24;1,20
Distrito Federal;Centro-Oeste;01/02/11;-1,70
Goiás;Centro-Oeste;01/02/11;0,10
Bahia;Nordeste;01/02/11;1,10
Ceará;Nordeste;01/02/11;-5,40
Pernambuco;Nordeste;01/02/11;-2,80
Espírito Santo;Sudeste;01/02/11;-0,30
Minas Gerais;Sudeste;01/02/11;0,10
Rio de Janeiro;Sudeste;01/02/11;0,20
São Paulo;Sudeste;01/02/11;0,10
Paraná;Sul;01/02/11;0,00
Rio Grande do Sul;Sul;01/02/11;-0,80
Santa Catarina;Sul;01/02/11;0,70
Distrito Federal;Centro-Oeste;01/02/12;0,90
Goiás;Centro-Oeste;01/02/12;0,40
Bahia;Nordeste;01/02/12;-1,30
Ceará;Nordeste;01/02/12;-0,80
Pernambuco;Nordeste;01/02/12;0,90
Espírito Santo;Sudeste;01/02/12;-2,30
Minas Gerais;Sudeste;01/02/12;0,00
Rio de Janeiro;Sudeste;01/02/12;0,50
São Paulo;Sudeste;01/02/12;2,60
Paraná;Sul;01/02/12;0,30
Rio Grande do Sul;Sul;01/02/12;-2,80
Santa Catarina;Sul;01/02/12;-0,50
Distrito Federal;Centro-Oeste;01/02/13;-2,30
Goiás;Centro-Oeste;01/02/13;2,20
Bahia;Nordeste;01/02/13;-2,60
Ceará;Nordeste;01/02/13;4,90
Pernambuco;Nordeste;01/02/13;4,80
Espírito Santo;Sudeste;01/02/13;3,30
Minas Gerais;Sudeste;01/02/13;-2,40
Rio de Janeiro;Sudeste;01/02/13;-2,20
São Paulo;Sudeste;01/02/13;0,30
Paraná;Sul;01/02/13;0,10
Rio Grande do Sul;Sul;01/02/13;2,80
Santa Catarina;Sul;01/02/13;0,70
Distrito Federal;Centro-Oeste;01/02/14;4,70
Goiás;Centro-Oeste;01/02/14;2,50
Bahia;Nordeste;01/02/14;3,40
Ceará;Nordeste;01/02/14;6,60
Pernambuco;Nordeste;01/02/14;-1,10
Espírito Santo;Sudeste;01/02/14;1,30
Minas Gerais;Sudeste;01/02/14;1,30
Rio de Janeiro;Sudeste;01/02/14;-0,40
São Paulo;Sudeste;01/02/14;-5,30
Paraná;Sul;01/02/14;1,80
Rio Grande do Sul;Sul;01/02/14;2,30
Santa Catarina;Sul;01/02/14;2,20
Distrito Federal;Centro-Oeste;01/02/15;-0,10
Goiás;Centro-Oeste;01/02/15;-4,00
Bahia;Nordeste;01/02/15;2,20
Ceará;Nordeste;01/02/15;3,10
Pernambuco;Nordeste;01/02/15;-0,20
Espírito Santo;Sudeste;01/02/15;-1,20
Minas Gerais;Sudeste;01/02/15;1,60
Rio de Janeiro;Sudeste;01/02/15;-0,60
São Paulo;Sudeste;01/02/15;0,00
Paraná;Sul;01/02/15;-1,00
Rio Grande do Sul;Sul;01/02/15;-1,60
Santa Catarina;Sul;01/02/15;-1,00
Distrito Federal;Centro-Oeste;01/02/16;-3,60
Goiás;Centro-Oeste;01/02/16;-0,60
Bahia;Nordeste;01/02/16;3,70
Ceará;Nordeste;01/02/16;0,80
Pernambuco;Nordeste;01/02/16;2,10
Espírito Santo;Sudeste;01/02/16;7,00
Minas Gerais;Sudeste;01/02/16;-0,90
Rio de Janeiro;Sudeste;01/02/16;3,70
São Paulo;Sudeste;01/02/16;-0,60
Paraná;Sul;01/02/16;-2,50
Rio Grande do Sul;Sul;01/02/16;-1,30
Santa Catarina;Sul;01/02/16;-1,90
Distrito Federal;Centro-Oeste;01/02/17;-1,20
Goiás;Centro-Oeste;01/02/17;3,70
Bahia;Nordeste;01/02/17;-1,70
Ceará;Nordeste;01/02/17;-2,60
Pernambuco;Nordeste;01/02/17;-3,20
Espírito Santo;Sudeste;01/02/17;-2,50
Minas Gerais;Sudeste;01/02/17;-0,80
Rio de Janeiro;Sudeste;01/02/17;-0,70
São Paulo;Sudeste;01/02/17;0,50
Paraná;Sul;01/02/17;-2,00
Rio Grande do Sul;Sul;01/02/17;-0,70
Santa Catarina;Sul;01/02/17;-0,60
Distrito Federal;Centro-Oeste;01/02/18;0,20
Goiás;Centro-Oeste;01/02/18;0,20
Bahia;Nordeste;01/02/18;-5,60
Ceará;Nordeste;01/02/18;-5,70
Pernambuco;Nordeste;01/02/18;-0,30
Espírito Santo;Sudeste;01/02/18;0,40
Minas Gerais;Sudeste;01/02/18;-0,30
Rio de Janeiro;Sudeste;01/02/18;0,10
São Paulo;Sudeste;01/02/18;0,00
Paraná;Sul;01/02/18;1,90
Rio Grande do Sul;Sul;01/02/18;-0,40
Santa Catarina;Sul;01/02/18;1,10
Distrito Federal;Centro-Oeste;01/02/19;-1,70
Goiás;Centro-Oeste;01/02/19;-4,10
Bahia;Nordeste;01/02/19;2,00
Ceará;Nordeste;01/02/19;-2,40
Pernambuco;Nordeste;01/02/19;1,00
Espírito Santo;Sudeste;01/02/19;-2,60
Minas Gerais;Sudeste;01/02/19;-0,20
Rio de Janeiro;Sudeste;01/02/19;-4,30
São Paulo;Sudeste;01/02/19;0,10
Paraná;Sul;01/02/19;-3,40
Rio Grande do Sul;Sul;01/02/19;-1,00
Santa Catarina;Sul;01/02/19;1,50
Distrito Federal;Centro-Oeste;01/02/20;-1,20
Goiás;Centro-Oeste;01/02/20;-3,30
Bahia;Nordeste;01/02/20;2,30
Ceará;Nordeste;01/02/20;-0,90
Pernambuco;Nordeste;01/02/20;-1,20
Espírito Santo;Sudeste;01/02/20;0,20
Minas Gerais;Sudeste;01/02/20;-0,30
Rio de Janeiro;Sudeste;01/02/20;0,70
São Paulo;Sudeste;01/02/20;1,00
Paraná;Sul;01/02/20;0,70
Rio Grande do Sul;Sul;01/02/20;-0,50
Santa Catarina;Sul;01/02/20;0,90
Distrito Federal;Centro-Oeste;01/02/21;-3,70
Goiás;Centro-Oeste;01/02/21;3,70
Bahia;Nordeste;01/02/21;1,50
Ceará;Nordeste;01/02/21;2,30
Pernambuco;Nordeste;01/02/21;0,60
Espírito Santo;Sudeste;01/02/21;2,00
Minas Gerais;Sudeste;01/02/21;1,90
Rio de Janeiro;Sudeste;01/02/21;0,70
São Paulo;Sudeste;01/02/21;3,80
Paraná;Sul;01/02/21;1,50
Rio Grande do Sul;Sul;01/02/21;0,70
Santa Catarina;Sul;01/02/21;4,20
Distrito Federal;Centro-Oeste;01/02/22;-1,80
Goiás;Centro-Oeste;01/02/22;-0,50
Bahia;Nordeste;01/02/22;-0,80
Ceará;Nordeste;01/02/22;-0,80
Pernambuco;Nordeste;01/02/22;-2,10
Espírito Santo;Sudeste;01/02/22;-1,30
Minas Gerais;Sudeste;01/02/22;2,40
Rio de Janeiro;Sudeste;01/02/22;1,20
São Paulo;Sudeste;01/02/22;-0,10
Paraná;Sul;01/02/22;1,70
Rio Grande do Sul;Sul;01/02/22;1,90
Santa Catarina;Sul;01/02/22;-0,70
Distrito Federal;Centro-Oeste;01/02/23;-1,30
Goiás;Centro-Oeste;01/02/23;1,30
Bahia;Nordeste;01/02/23;-0,40
Ceará;Nordeste;01/02/23;2,80
Pernambuco;Nordeste;01/02/23;5,80
Espírito Santo;Sudeste;01/02/23;2,00
Minas Gerais;Sudeste;01/02/23;1,10
Rio de Janeiro;Sudeste;01/02/23;0,40
São Paulo;Sudeste;01/02/23;0,70
Paraná;Sul;01/02/23;1,40
Rio Grande do Sul;Sul;01/02/23;-2,30
Santa Catarina;Sul;01/02/23;2,20
Distrito Federal;Centro-Oeste;01/02/24;0,40
Goiás;Centro-Oeste;01/02/24;0,00
Bahia;Nordeste;01/02/24;0,50
Ceará;Nordeste;01/02/24;-1,50
Pernambuco;Nordeste;01/02/24;1,70
Espírito Santo;Sudeste;01/02/24;-1,60
Minas Gerais;Sudeste;01/02/24;0,20
Rio de Janeiro;Sudeste;01/02/24;-0,80
São Paulo;Sudeste;01/02/24;-0,50
Paraná;Sul;01/02/24;-2,90
Rio Grande do Sul;Sul;01/02/24;2,70
Santa Catarina;Sul;01/02/24;0,00
Distrito Federal;Centro-Oeste;01/03/11;-4,30
Goiás;Centro-Oeste;01/03/11;0,80
Bahia;Nordeste;01/03/11;-0,70
Ceará;Nordeste;01/03/11;2,00
Pernambuco;Nordeste;01/03/11;0,00
Espírito Santo;Sudeste;01/03/11;1,30
Minas Gerais;Sudeste;01/03/11;0,50
Rio de Janeiro;Sudeste;01/03/11;0,50
São Paulo;Sudeste;01/03/11;0,50
Paraná;Sul;01/03/11;-0,60
Rio Grande do Sul;Sul;01/03/11;0,60
Santa Catarina;Sul;01/03/11;-2,30
Distrito Federal;Centro-Oeste;01/03/12;-0,70
Goiás;Centro-Oeste;01/03/12;0,00
Bahia;Nordeste;01/03/12;1,60
Ceará;Nordeste;01/03/12;5,80
Pernambuco;Nordeste;01/03/12;2,50
Espírito Santo;Sudeste;01/03/12;-1,30
Minas Gerais;Sudeste;01/03/12;1,10
Rio de Janeiro;Sudeste;01/03/12;-0,30
São Paulo;Sudeste;01/03/12;-1,50
Paraná;Sul;01/03/12;0,00
Rio Grande do Sul;Sul;01/03/12;3,50
Santa Catarina;Sul;01/03/12;1,10
Distrito Federal;Centro-Oeste;01/03/13;3,70
Goiás;Centro-Oeste;01/03/13;1,20
Bahia;Nordeste;01/03/13;2,70
Ceará;Nordeste;01/03/13;-2,10
Pernambuco;Nordeste;01/03/13;-1,20
Espírito Santo;Sudeste;01/03/13;0,60
Minas Gerais;Sudeste;01/03/13;1,30
Rio de Janeiro;Sudeste;01/03/13;2,20
São Paulo;Sudeste;01/03/13;-0,90
Paraná;Sul;01/03/13;0,60
Rio Grande do Sul;Sul;01/03/13;-1,20
Santa Catarina;Sul;01/03/13;1,40
Distrito Federal;Centro-Oeste;01/03/14;-3,70
Goiás;Centro-Oeste;01/03/14;-4,00
Bahia;Nordeste;01/03/14;-2,10
Ceará;Nordeste;01/03/14;-2,20
Pernambuco;Nordeste;01/03/14;0,10
Espírito Santo;Sudeste;01/03/14;-2,00
Minas Gerais;Sudeste;01/03/14;0,00
Rio de Janeiro;Sudeste;01/03/14;0,20
São Paulo;Sudeste;01/03/14;1,40
Paraná;Sul;01/03/14;1,00
Rio Grande do Sul;Sul;01/03/14;1,30
Santa Catarina;Sul;01/03/14;-0,20
Distrito Federal;Centro-Oeste;01/03/15;3,80
Goiás;Centro-Oeste;01/03/15;0,20
Bahia;Nordeste;01/03/15;0,80
Ceará;Nordeste;01/03/15;-2,20
Pernambuco;Nordeste;01/03/15;0,20
Espírito Santo;Sudeste;01/03/15;0,10
Minas Gerais;Sudeste;01/03/15;-1,00
Rio de Janeiro;Sudeste;01/03/15;1,40
São Paulo;Sudeste;01/03/15;0,30
Paraná;Sul;01/03/15;3,60
Rio Grande do Sul;Sul;01/03/15;1,60
Santa Catarina;Sul;01/03/15;3,00
Distrito Federal;Centro-Oeste;01/03/16;-0,60
Goiás;Centro-Oeste;01/03/16;-0,50
Bahia;Nordeste;01/03/16;0,70
Ceará;Nordeste;01/03/16;1,30
Pernambuco;Nordeste;01/03/16;-2,10
Espírito Santo;Sudeste;01/03/16;-2,60
Minas Gerais;Sudeste;01/03/16;0,10
Rio de Janeiro;Sudeste;01/03/16;-1,60
São Paulo;Sudeste;01/03/16;0,10
Paraná;Sul;01/03/16;-2,30
Rio Grande do Sul;Sul;01/03/16;2,50
Santa Catarina;Sul;01/03/16;0,00
Distrito Federal;Centro-Oeste;01/03/17;-0,90
Goiás;Centro-Oeste;01/03/17;-4,20
Bahia;Nordeste;01/03/17;-0,80
Ceará;Nordeste;01/03/17;-3,20
Pernambuco;Nordeste;01/03/17;-1,20
Espírito Santo;Sudeste;01/03/17;-1,50
Minas Gerais;Sudeste;01/03/17;0,20
Rio de Janeiro;Sudeste;01/03/17;-1,80
São Paulo;Sudeste;01/03/17;-4,50
Paraná;Sul;01/03/17;-1,00
Rio Grande do Sul;Sul;01/03/17;-1,80
Santa Catarina;Sul;01/03/17;-0,70
Distrito Federal;Centro-Oeste;01/03/18;5,90
Goiás;Centro-Oeste;01/03/18;1,10
Bahia;Nordeste;01/03/18;1,00
Ceará;Nordeste;01/03/18;1,10
Pernambuco;Nordeste;01/03/18;-0,50
Espírito Santo;Sudeste;01/03/18;1,50
Minas Gerais;Sudeste;01/03/18;1,80
Rio de Janeiro;Sudeste;01/03/18;-0,30
São Paulo;Sudeste;01/03/18;0,60
Paraná;Sul;01/03/18;-0,10
Rio Grande do Sul;Sul;01/03/18;-1,50
Santa Catarina;Sul;01/03/18;1,30
Distrito Federal;Centro-Oeste;01/03/19;1,10
Goiás;Centro-Oeste;01/03/19;0,60
Bahia;Nordeste;01/03/19;-1,60
Ceará;Nordeste;01/03/19;2,70
Pernambuco;Nordeste;01/03/19;-0,60
Espírito Santo;Sudeste;01/03/19;2,20
Minas Gerais;Sudeste;01/03/19;0,10
Rio de Janeiro;Sudeste;01/03/19;1,70
São Paulo;Sudeste;01/03/19;-0,70
Paraná;Sul;01/03/19;0,20
Rio Grande do Sul;Sul;01/03/19;-2,20
Santa Catarina;Sul;01/03/19;0,30
Distrito Federal;Centro-Oeste;01/03/20;-8,40
Goiás;Centro-Oeste;01/03/20;-7,60
Bahia;Nordeste;01/03/20;-9,30
Ceará;Nordeste;01/03/20;-5,50
Pernambuco;Nordeste;01/03/20;-11,80
Espírito Santo;Sudeste;01/03/20;-3,20
Minas Gerais;Sudeste;01/03/20;-4,40
Rio de Janeiro;Sudeste;01/03/20;-8,80
São Paulo;Sudeste;01/03/20;-9,90
Paraná;Sul;01/03/20;-10,30
Rio Grande do Sul;Sul;01/03/20;-10,50
Santa Catarina;Sul;01/03/20;-6,30
Distrito Federal;Centro-Oeste;01/03/21;-2,50
Goiás;Centro-Oeste;01/03/21;-0,70
Bahia;Nordeste;01/03/21;1,40
Ceará;Nordeste;01/03/21;-2,20
Pernambuco;Nordeste;01/03/21;-10,40
Espírito Santo;Sudeste;01/03/21;-5,70
Minas Gerais;Sudeste;01/03/21;-3,40
Rio de Janeiro;Sudeste;01/03/21;-2,30
São Paulo;Sudeste;01/03/21;-5,90
Paraná;Sul;01/03/21;-2,40
Rio Grande do Sul;Sul;01/03/21;-5,50
Santa Catarina;Sul;01/03/21;-5,50
Distrito Federal;Centro-Oeste;01/03/22;9,50
Goiás;Centro-Oeste;01/03/22;2,00
Bahia;Nordeste;01/03/22;1,50
Ceará;Nordeste;01/03/22;3,80
Pernambuco;Nordeste;01/03/22;2,80
Espírito Santo;Sudeste;01/03/22;-0,20
Minas Gerais;Sudeste;01/03/22;4,50
Rio de Janeiro;Sudeste;01/03/22;0,10
São Paulo;Sudeste;01/03/22;0,30
Paraná;Sul;01/03/22;0,60
Rio Grande do Sul;Sul;01/03/22;4,30
Santa Catarina;Sul;01/03/22;1,50
Distrito Federal;Centro-Oeste;01/03/23;6,10
Goiás;Centro-Oeste;01/03/23;4,10
Bahia;Nordeste;01/03/23;1,80
Ceará;Nordeste;01/03/23;3,30
Pernambuco;Nordeste;01/03/23;-3,70
Espírito Santo;Sudeste;01/03/23;1,60
Minas Gerais;Sudeste;01/03/23;2,50
Rio de Janeiro;Sudeste;01/03/23;1,70
São Paulo;Sudeste;01/03/23;0,90
Paraná;Sul;01/03/23;1,40
Rio Grande do Sul;Sul;01/03/23;5,10
Santa Catarina;Sul;01/03/23;5,70
Distrito Federal;Centro-Oeste;01/03/24;-5,60
Goiás;Centro-Oeste;01/03/24;0,20
Bahia;Nordeste;01/03/24;0,20
Ceará;Nordeste;01/03/24;-2,00
Pernambuco;Nordeste;01/03/24;1,00
Espírito Santo;Sudeste;01/03/24;6,40
Minas Gerais;Sudeste;01/03/24;1,10
Rio de Janeiro;Sudeste;01/03/24;1,60
São Paulo;Sudeste;01/03/24;0,90
Paraná;Sul;01/03/24;0,40
Rio Grande do Sul;Sul;01/03/24;-4,90
Santa Catarina;Sul;01/03/24;0,80
Distrito Federal;Centro-Oeste;01/04/11;2,40
Goiás;Centro-Oeste;01/04/11;1,60
Bahia;Nordeste;01/04/11;-1,00
Ceará;Nordeste;01/04/11;-1,40
Pernambuco;Nordeste;01/04/11;0,30
Espírito Santo;Sudeste;01/04/11;2,50
Minas Gerais;Sudeste;01/04/11;1,40
Rio de Janeiro;Sudeste;01/04/11;-0,50
São Paulo;Sudeste;01/04/11;2,20
Paraná;Sul;01/04/11;-1,40
Rio Grande do Sul;Sul;01/04/11;-0,30
Santa Catarina;Sul;01/04/11;0,60
Distrito Federal;Centro-Oeste;01/04/12;0,00
Goiás;Centro-Oeste;01/04/12;1,40
Bahia;Nordeste;01/04/12;-1,50
Ceará;Nordeste;01/04/12;-5,80
Pernambuco;Nordeste;01/04/12;-1,90
Espírito Santo;Sudeste;01/04/12;1,00
Minas Gerais;Sudeste;01/04/12;-1,70
Rio de Janeiro;Sudeste;01/04/12;0,40
São Paulo;Sudeste;01/04/12;-0,60
Paraná;Sul;01/04/12;-1,30
Rio Grande do Sul;Sul;01/04/12;-1,30
Santa Catarina;Sul;01/04/12;-0,70
Distrito Federal;Centro-Oeste;01/04/13;6,50
Goiás;Centro-Oeste;01/04/13;0,30
Bahia;Nordeste;01/04/13;5,70
Ceará;Nordeste;01/04/13;4,70
Pernambuco;Nordeste;01/04/13;3,30
Espírito Santo;Sudeste;01/04/13;0,50
Minas Gerais;Sudeste;01/04/13;1,90
Rio de Janeiro;Sudeste;01/04/13;0,80
São Paulo;Sudeste;01/04/13;1,00
Paraná;Sul;01/04/13;-0,90
Rio Grande do Sul;Sul;01/04/13;4,20
Santa Catarina;Sul;01/04/13;1,50
Distrito Federal;Centro-Oeste;01/04/14;2,60
Goiás;Centro-Oeste;01/04/14;0,10
Bahia;Nordeste;01/04/14;0,60
Ceará;Nordeste;01/04/14;-0,90
Pernambuco;Nordeste;01/04/14;0,30
Espírito Santo;Sudeste;01/04/14;4,40
Minas Gerais;Sudeste;01/04/14;-1,70
Rio de Janeiro;Sudeste;01/04/14;0,90
São Paulo;Sudeste;01/04/14;0,90
Paraná;Sul;01/04/14;0,50
Rio Grande do Sul;Sul;01/04/14;0,50
Santa Catarina;Sul;01/04/14;1,10
Distrito Federal;Centro-Oeste;01/04/15;2,20
Goiás;Centro-Oeste;01/04/15;-2,70
Bahia;Nordeste;01/04/15;-1,10
Ceará;Nordeste;01/04/15;1,10
Pernambuco;Nordeste;01/04/15;-1,20
Espírito Santo;Sudeste;01/04/15;-1,10
Minas Gerais;Sudeste;01/04/15;-0,80
Rio de Janeiro;Sudeste;01/04/15;-1,10
São Paulo;Sudeste;01/04/15;-1,20
Paraná;Sul;01/04/15;-3,70
Rio Grande do Sul;Sul;01/04/15;-3,70
Santa Catarina;Sul;01/04/15;-2,90
Distrito Federal;Centro-Oeste;01/04/16;-4,20
Goiás;Centro-Oeste;01/04/16;-0,20
Bahia;Nordeste;01/04/16;-1,40
Ceará;Nordeste;01/04/16;-0,20
Pernambuco;Nordeste;01/04/16;2,10
Espírito Santo;Sudeste;01/04/16;-4,60
Minas Gerais;Sudeste;01/04/16;1,60
Rio de Janeiro;Sudeste;01/04/16;-2,10
São Paulo;Sudeste;01/04/16;-1,30
Paraná;Sul;01/04/16;2,30
Rio Grande do Sul;Sul;01/04/16;-2,50
Santa Catarina;Sul;01/04/16;-2,30
Distrito Federal;Centro-Oeste;01/04/17;-3,30
Goiás;Centro-Oeste;01/04/17;0,60
Bahia;Nordeste;01/04/17;-2,10
Ceará;Nordeste;01/04/17;-2,50
Pernambuco;Nordeste;01/04/17;-2,30
Espírito Santo;Sudeste;01/04/17;2,40
Minas Gerais;Sudeste;01/04/17;-1,30
Rio de Janeiro;Sudeste;01/04/17;0,00
São Paulo;Sudeste;01/04/17;4,90
Paraná;Sul;01/04/17;3,70
Rio Grande do Sul;Sul;01/04/17;-1,80
Santa Catarina;Sul;01/04/17;-0,70
Distrito Federal;Centro-Oeste;01/04/18;0,50
Goiás;Centro-Oeste;01/04/18;-0,60
Bahia;Nordeste;01/04/18;0,60
Ceará;Nordeste;01/04/18;-0,90
Pernambuco;Nordeste;01/04/18;1,70
Espírito Santo;Sudeste;01/04/18;4,90
Minas Gerais;Sudeste;01/04/18;0,90
Rio de Janeiro;Sudeste;01/04/18;1,00
São Paulo;Sudeste;01/04/18;0,70
Paraná;Sul;01/04/18;-2,40
Rio Grande do Sul;Sul;01/04/18;3,30
Santa Catarina;Sul;01/04/18;3,40
Distrito Federal;Centro-Oeste;01/04/19;2,70
Goiás;Centro-Oeste;01/04/19;-0,30
Bahia;Nordeste;01/04/19;-0,40
Ceará;Nordeste;01/04/19;0,20
Pernambuco;Nordeste;01/04/19;-0,30
Espírito Santo;Sudeste;01/04/19;2,80
Minas Gerais;Sudeste;01/04/19;-0,60
Rio de Janeiro;Sudeste;01/04/19;-0,30
São Paulo;Sudeste;01/04/19;1,30
Paraná;Sul;01/04/19;-0,30
Rio Grande do Sul;Sul;01/04/19;2,20
Santa Catarina;Sul;01/04/19;2,80
Distrito Federal;Centro-Oeste;01/04/20;-4,30
Goiás;Centro-Oeste;01/04/20;-9,00
Bahia;Nordeste;01/04/20;-20,50
Ceará;Nordeste;01/04/20;-20,20
Pernambuco;Nordeste;01/04/20;-18,50
Espírito Santo;Sudeste;01/04/20;-6,00
Minas Gerais;Sudeste;01/04/20;-11,20
Rio de Janeiro;Sudeste;01/04/20;-12,30
São Paulo;Sudeste;01/04/20;-9,10
Paraná;Sul;01/04/20;-9,50
Rio Grande do Sul;Sul;01/04/20;-17,70
Santa Catarina;Sul;01/04/20;-12,20
Distrito Federal;Centro-Oeste;01/04/21;3,40
Goiás;Centro-Oeste;01/04/21;-0,20
Bahia;Nordeste;01/04/21;-1,20
Ceará;Nordeste;01/04/21;-0,30
Pernambuco;Nordeste;01/04/21;3,00
Espírito Santo;Sudeste;01/04/21;4,50
Minas Gerais;Sudeste;01/04/21;0,00
Rio de Janeiro;Sudeste;01/04/21;1,10
São Paulo;Sudeste;01/04/21;5,00
Paraná;Sul;01/04/21;3,90
Rio Grande do Sul;Sul;01/04/21;4,90
Santa Catarina;Sul;01/04/21;1,60
Distrito Federal;Centro-Oeste;01/04/22;-8,70
Goiás;Centro-Oeste;01/04/22;1,20
Bahia;Nordeste;01/04/22;0,40
Ceará;Nordeste;01/04/22;1,10
Pernambuco;Nordeste;01/04/22;-0,70
Espírito Santo;Sudeste;01/04/22;4,80
Minas Gerais;Sudeste;01/04/22;-1,10
Rio de Janeiro;Sudeste;01/04/22;2,80
São Paulo;Sudeste;01/04/22;1,60
Paraná;Sul;01/04/22;0,40
Rio Grande do Sul;Sul;01/04/22;-1,50
Santa Catarina;Sul;01/04/22;-1,70
Distrito Federal;Centro-Oeste;01/04/23;-2,30
Goiás;Centro-Oeste;01/04/23;-6,60
Bahia;Nordeste;01/04/23;-2,70
Ceará;Nordeste;01/04/23;-0,30
Pernambuco;Nordeste;01/04/23;-0,50
Espírito Santo;Sudeste;01/04/23;-1,80
Minas Gerais;Sudeste;01/04/23;-0,40
Rio de Janeiro;Sudeste;01/04/23;-2,00
São Paulo;Sudeste;01/04/23;-0,70
Paraná;Sul;01/04/23;-0,50
Rio Grande do Sul;Sul;01/04/23;-1,30
Santa Catarina;Sul;01/04/23;-3,90
Distrito Federal;Centro-Oeste;01/04/24;5,50
Goiás;Centro-Oeste;01/04/24;2,00
Bahia;Nordeste;01/04/24;2,50
Ceará;Nordeste;01/04/24;2,30
Pernambuco;Nordeste;01/04/24;1,10
Espírito Santo;Sudeste;01/04/24;1,00
Minas Gerais;Sudeste;01/04/24;3,20
Rio de Janeiro;Sudeste;01/04/24;-1,50
São Paulo;Sudeste;01/04/24;0,40
Paraná;Sul;01/04/24;-0,70
Rio Grande do Sul;Sul;01/04/24;0,00
Santa Catarina;Sul;01/04/24;1,30
Distrito Federal;Centro-Oeste;01/05/11;1,00
Goiás;Centro-Oeste;01/05/11;-1,40
Bahia;Nordeste;01/05/11;0,50
Ceará;Nordeste;01/05/11;0,50
Pernambuco;Nordeste;01/05/11;0,40
Espírito Santo;Sudeste;01/05/11;-1,00
Minas Gerais;Sudeste;01/05/11;0,80
Rio de Janeiro;Sudeste;01/05/11;1,20
São Paulo;Sudeste;01/05/11;-0,40
Paraná;Sul;01/05/11;0,30
Rio Grande do Sul;Sul;01/05/11;1,60
Santa Catarina;Sul;01/05/11;-0,60
Distrito Federal;Centro-Oeste;01/05/12;-1,40
Goiás;Centro-Oeste;01/05/12;0,70
Bahia;Nordeste;01/05/12;-0,50
Ceará;Nordeste;01/05/12;0,20
Pernambuco;Nordeste;01/05/12;3,90
Espírito Santo;Sudeste;01/05/12;1,90
Minas Gerais;Sudeste;01/05/12;1,90
Rio de Janeiro;Sudeste;01/05/12;1,40
São Paulo;Sudeste;01/05/12;1,20
Paraná;Sul;01/05/12;3,10
Rio Grande do Sul;Sul;01/05/12;0,00
Santa Catarina;Sul;01/05/12;6,70
Distrito Federal;Centro-Oeste;01/05/13;-2,90
Goiás;Centro-Oeste;01/05/13;-2,60
Bahia;Nordeste;01/05/13;-1,00
Ceará;Nordeste;01/05/13;-1,30
Pernambuco;Nordeste;01/05/13;-3,30
Espírito Santo;Sudeste;01/05/13;0,20
Minas Gerais;Sudeste;01/05/13;-0,60
Rio de Janeiro;Sudeste;01/05/13;-1,10
São Paulo;Sudeste;01/05/13;0,20
Paraná;Sul;01/05/13;0,20
Rio Grande do Sul;Sul;01/05/13;-2,40
Santa Catarina;Sul;01/05/13;-0,50
Distrito Federal;Centro-Oeste;01/05/14;2,90
Goiás;Centro-Oeste;01/05/14;1,50
Bahia;Nordeste;01/05/14;1,30
Ceará;Nordeste;01/05/14;1,90
Pernambuco;Nordeste;01/05/14;-0,10
Espírito Santo;Sudeste;01/05/14;-3,80
Minas Gerais;Sudeste;01/05/14;0,70
Rio de Janeiro;Sudeste;01/05/14;-0,50
São Paulo;Sudeste;01/05/14;-0,30
Paraná;Sul;01/05/14;-0,90
Rio Grande do Sul;Sul;01/05/14;-3,10
Santa Catarina;Sul;01/05/14;0,70
Distrito Federal;Centro-Oeste;01/05/15;-1,90
Goiás;Centro-Oeste;01/05/15;-0,30
Bahia;Nordeste;01/05/15;4,20
Ceará;Nordeste;01/05/15;-0,90
Pernambuco;Nordeste;01/05/15;-0,10
Espírito Santo;Sudeste;01/05/15;-1,70
Minas Gerais;Sudeste;01/05/15;-1,10
Rio de Janeiro;Sudeste;01/05/15;0,40
São Paulo;Sudeste;01/05/15;-0,20
Paraná;Sul;01/05/15;-0,40
Rio Grande do Sul;Sul;01/05/15;1,10
Santa Catarina;Sul;01/05/15;-0,70
Distrito Federal;Centro-Oeste;01/05/16;-1,00
Goiás;Centro-Oeste;01/05/16;-1,00
Bahia;Nordeste;01/05/16;-0,40
Ceará;Nordeste;01/05/16;-0,10
Pernambuco;Nordeste;01/05/16;-3,10
Espírito Santo;Sudeste;01/05/16;1,50
Minas Gerais;Sudeste;01/05/16;-2,00
Rio de Janeiro;Sudeste;01/05/16;0,90
São Paulo;Sudeste;01/05/16;-0,70
Paraná;Sul;01/05/16;-1,20
Rio Grande do Sul;Sul;01/05/16;-0,40
Santa Catarina;Sul;01/05/16;-0,50
Distrito Federal;Centro-Oeste;01/05/17;-1,30
Goiás;Centro-Oeste;01/05/17;0,80
Bahia;Nordeste;01/05/17;0,20
Ceará;Nordeste;01/05/17;-0,10
Pernambuco;Nordeste;01/05/17;2,80
Espírito Santo;Sudeste;01/05/17;0,80
Minas Gerais;Sudeste;01/05/17;0,10
Rio de Janeiro;Sudeste;01/05/17;-1,00
São Paulo;Sudeste;01/05/17;-1,00
Paraná;Sul;01/05/17;0,90
Rio Grande do Sul;Sul;01/05/17;3,80
Santa Catarina;Sul;01/05/17;-0,30
Distrito Federal;Centro-Oeste;01/05/18;1,20
Goiás;Centro-Oeste;01/05/18;-4,90
Bahia;Nordeste;01/05/18;-5,50
Ceará;Nordeste;01/05/18;-5,90
Pernambuco;Nordeste;01/05/18;-4,60
Espírito Santo;Sudeste;01/05/18;-9,40
Minas Gerais;Sudeste;01/05/18;-6,20
Rio de Janeiro;Sudeste;01/05/18;-0,90
São Paulo;Sudeste;01/05/18;-3,40
Paraná;Sul;01/05/18;-8,10
Rio Grande do Sul;Sul;01/05/18;-7,60
Santa Catarina;Sul;01/05/18;-7,20
Distrito Federal;Centro-Oeste;01/05/19;-3,10
Goiás;Centro-Oeste;01/05/19;-1,40
Bahia;Nordeste;01/05/19;-2,10
Ceará;Nordeste;01/05/19;1,30
Pernambuco;Nordeste;01/05/19;1,20
Espírito Santo;Sudeste;01/05/19;0,00
Minas Gerais;Sudeste;01/05/19;0,30
Rio de Janeiro;Sudeste;01/05/19;2,80
São Paulo;Sudeste;01/05/19;1,00
Paraná;Sul;01/05/19;0,10
Rio Grande do Sul;Sul;01/05/19;-1,20
Santa Catarina;Sul;01/05/19;1,80
Distrito Federal;Centro-Oeste;01/05/20;-16,20
Goiás;Centro-Oeste;01/05/20;1,70
Bahia;Nordeste;01/05/20;1,10
Ceará;Nordeste;01/05/20;0,30
Pernambuco;Nordeste;01/05/20;0,00
Espírito Santo;Sudeste;01/05/20;2,00
Minas Gerais;Sudeste;01/05/20;-1,20
Rio de Janeiro;Sudeste;01/05/20;1,00
São Paulo;Sudeste;01/05/20;-2,80
Paraná;Sul;01/05/20;2,70
Rio Grande do Sul;Sul;01/05/20;6,50
Santa Catarina;Sul;01/05/20;5,60
Distrito Federal;Centro-Oeste;01/05/21;2,60
Goiás;Centro-Oeste;01/05/21;3,70
Bahia;Nordeste;01/05/21;10,70
Ceará;Nordeste;01/05/21;2,80
Pernambuco;Nordeste;01/05/21;7,30
Espírito Santo;Sudeste;01/05/21;1,80
Minas Gerais;Sudeste;01/05/21;2,70
Rio de Janeiro;Sudeste;01/05/21;1,70
São Paulo;Sudeste;01/05/21;1,20
Paraná;Sul;01/05/21;0,90
Rio Grande do Sul;Sul;01/05/21;1,30
Santa Catarina;Sul;01/05/21;0,80
Distrito Federal;Centro-Oeste;01/05/22;-0,80
Goiás;Centro-Oeste;01/05/22;-1,60
Bahia;Nordeste;01/05/22;-0,50
Ceará;Nordeste;01/05/22;5,40
Pernambuco;Nordeste;01/05/22;-2,20
Espírito Santo;Sudeste;01/05/22;0,10
Minas Gerais;Sudeste;01/05/22;1,70
Rio de Janeiro;Sudeste;01/05/22;-0,90
São Paulo;Sudeste;01/05/22;0,90
Paraná;Sul;01/05/22;-1,10
Rio Grande do Sul;Sul;01/05/22;-0,80
Santa Catarina;Sul;01/05/22;2,70
Distrito Federal;Centro-Oeste;01/05/23;1,40
Goiás;Centro-Oeste;01/05/23;4,40
Bahia;Nordeste;01/05/23;3,90
Ceará;Nordeste;01/05/23;0,00
Pernambuco;Nordeste;01/05/23;4,10
Espírito Santo;Sudeste;01/05/23;6,80
Minas Gerais;Sudeste;01/05/23;2,50
Rio de Janeiro;Sudeste;01/05/23;3,10
São Paulo;Sudeste;01/05/23;-0,30
Paraná;Sul;01/05/23;2,80
Rio Grande do Sul;Sul;01/05/23;2,00
Santa Catarina;Sul;01/05/23;2,60
Distrito Federal;Centro-Oeste;01/05/24;-1,90
Goiás;Centro-Oeste;01/05/24;0,40
Bahia;Nordeste;01/05/24;-3,80
Ceará;Nordeste;01/05/24;0,10
Pernambuco;Nordeste;01/05/24;-0,10
Espírito Santo;Sudeste;01/05/24;-0,50
Minas Gerais;Sudeste;01/05/24;-3,50
Rio de Janeiro;Sudeste;01/05/24;0,30
São Paulo;Sudeste;01/05/24;-0,70
Paraná;Sul;01/05/24;0,20
Rio Grande do Sul;Sul;01/05/24;0,10
Santa Catarina;Sul;01/05/24;-2,50
Distrito Federal;Centro-Oeste;01/06/11;1,30
Goiás;Centro-Oeste;01/06/11;0,90
Bahia;Nordeste;01/06/11;2,40
Ceará;Nordeste;01/06/11;-0,50
Pernambuco;Nordeste;01/06/11;1,30
Espírito Santo;Sudeste;01/06/11;1,00
Minas Gerais;Sudeste;01/06/11;0,00
Rio de Janeiro;Sudeste;01/06/11;-2,60
São Paulo;Sudeste;01/06/11;0,20
Paraná;Sul;01/06/11;0,00
Rio Grande do Sul;Sul;01/06/11;-0,50
Santa Catarina;Sul;01/06/11;1,70
Distrito Federal;Centro-Oeste;01/06/12;2,20
Goiás;Centro-Oeste;01/06/12;3,60
Bahia;Nordeste;01/06/12;1,10
Ceará;Nordeste;01/06/12;2,30
Pernambuco;Nordeste;01/06/12;-3,10
Espírito Santo;Sudeste;01/06/12;0,30
Minas Gerais;Sudeste;01/06/12;1,50
Rio de Janeiro;Sudeste;01/06/12;-0,30
São Paulo;Sudeste;01/06/12;0,00
Paraná;Sul;01/06/12;2,40
Rio Grande do Sul;Sul;01/06/12;3,50
Santa Catarina;Sul;01/06/12;-5,40
Distrito Federal;Centro-Oeste;01/06/13;-0,30
Goiás;Centro-Oeste;01/06/13;2,90
Bahia;Nordeste;01/06/13;-0,10
Ceará;Nordeste;01/06/13;1,10
Pernambuco;Nordeste;01/06/13;1,10
Espírito Santo;Sudeste;01/06/13;-1,00
Minas Gerais;Sudeste;01/06/13;1,50
Rio de Janeiro;Sudeste;01/06/13;1,50
São Paulo;Sudeste;01/06/13;0,80
Paraná;Sul;01/06/13;1,00
Rio Grande do Sul;Sul;01/06/13;0,70
Santa Catarina;Sul;01/06/13;0,90
Distrito Federal;Centro-Oeste;01/06/14;-3,40
Goiás;Centro-Oeste;01/06/14;-2,10
Bahia;Nordeste;01/06/14;-1,70
Ceará;Nordeste;01/06/14;-1,40
Pernambuco;Nordeste;01/06/14;-1,00
Espírito Santo;Sudeste;01/06/14;-6,70
Minas Gerais;Sudeste;01/06/14;-2,00
Rio de Janeiro;Sudeste;01/06/14;3,70
São Paulo;Sudeste;01/06/14;-1,00
Paraná;Sul;01/06/14;-3,40
Rio Grande do Sul;Sul;01/06/14;-1,20
Santa Catarina;Sul;01/06/14;-4,60
Distrito Federal;Centro-Oeste;01/06/15;-0,90
Goiás;Centro-Oeste;01/06/15;0,30
Bahia;Nordeste;01/06/15;-7,00
Ceará;Nordeste;01/06/15;0,10
Pernambuco;Nordeste;01/06/15;-2,10
Espírito Santo;Sudeste;01/06/15;0,20
Minas Gerais;Sudeste;01/06/15;0,00
Rio de Janeiro;Sudeste;01/06/15;-2,60
São Paulo;Sudeste;01/06/15;-1,40
Paraná;Sul;01/06/15;-0,20
Rio Grande do Sul;Sul;01/06/15;-1,10
Santa Catarina;Sul;01/06/15;-0,60
Distrito Federal;Centro-Oeste;01/06/16;5,90
Goiás;Centro-Oeste;01/06/16;-0,20
Bahia;Nordeste;01/06/16;0,90
Ceará;Nordeste;01/06/16;-1,30
Pernambuco;Nordeste;01/06/16;-1,00
Espírito Santo;Sudeste;01/06/16;1,40
Minas Gerais;Sudeste;01/06/16;-0,50
Rio de Janeiro;Sudeste;01/06/16;-1,10
São Paulo;Sudeste;01/06/16;0,30
Paraná;Sul;01/06/16;-1,60
Rio Grande do Sul;Sul;01/06/16;-0,20
Santa Catarina;Sul;01/06/16;-0,10
Distrito Federal;Centro-Oeste;01/06/17;0,10
Goiás;Centro-Oeste;01/06/17;-0,70
Bahia;Nordeste;01/06/17;0,40
Ceará;Nordeste;01/06/17;-2,00
Pernambuco;Nordeste;01/06/17;-1,00
Espírito Santo;Sudeste;01/06/17;3,60
Minas Gerais;Sudeste;01/06/17;-1,70
Rio de Janeiro;Sudeste;01/06/17;-0,30
São Paulo;Sudeste;01/06/17;2,40
Paraná;Sul;01/06/17;0,90
Rio Grande do Sul;Sul;01/06/17;1,20
Santa Catarina;Sul;01/06/17;1,30
Distrito Federal;Centro-Oeste;01/06/18;0,30
Goiás;Centro-Oeste;01/06/18;4,10
Bahia;Nordeste;01/06/18;9,50
Ceará;Nordeste;01/06/18;2,70
Pernambuco;Nordeste;01/06/18;3,70
Espírito Santo;Sudeste;01/06/18;1,90
Minas Gerais;Sudeste;01/06/18;8,90
Rio de Janeiro;Sudeste;01/06/18;3,60
São Paulo;Sudeste;01/06/18;7,10
Paraná;Sul;01/06/18;12,40
Rio Grande do Sul;Sul;01/06/18;6,60
Santa Catarina;Sul;01/06/18;6,70
Distrito Federal;Centro-Oeste;01/06/19;-6,50
Goiás;Centro-Oeste;01/06/19;2,20
Bahia;Nordeste;01/06/19;-1,40
Ceará;Nordeste;01/06/19;0,30
Pernambuco;Nordeste;01/06/19;1,40
Espírito Santo;Sudeste;01/06/19;-1,00
Minas Gerais;Sudeste;01/06/19;0,50
Rio de Janeiro;Sudeste;01/06/19;-3,90
São Paulo;Sudeste;01/06/19;-1,80
Paraná;Sul;01/06/19;0,50
Rio Grande do Sul;Sul;01/06/19;-0,90
Santa Catarina;Sul;01/06/19;-4,80
Distrito Federal;Centro-Oeste;01/06/20;5,20
Goiás;Centro-Oeste;01/06/20;1,60
Bahia;Nordeste;01/06/20;4,90
Ceará;Nordeste;01/06/20;4,70
Pernambuco;Nordeste;01/06/20;5,10
Espírito Santo;Sudeste;01/06/20;-2,60
Minas Gerais;Sudeste;01/06/20;3,90
Rio de Janeiro;Sudeste;01/06/20;3,20
São Paulo;Sudeste;01/06/20;5,50
Paraná;Sul;01/06/20;-2,60
Rio Grande do Sul;Sul;01/06/20;3,00
Santa Catarina;Sul;01/06/20;2,60
Distrito Federal;Centro-Oeste;01/06/21;2,20
Goiás;Centro-Oeste;01/06/21;-0,50
Bahia;Nordeste;01/06/21;0,30
Ceará;Nordeste;01/06/21;2,00
Pernambuco;Nordeste;01/06/21;1,90
Espírito Santo;Sudeste;01/06/21;2,20
Minas Gerais;Sudeste;01/06/21;3,20
Rio de Janeiro;Sudeste;01/06/21;5,00
São Paulo;Sudeste;01/06/21;1,80
Paraná;Sul;01/06/21;-0,60
Rio Grande do Sul;Sul;01/06/21;1,00
Santa Catarina;Sul;01/06/21;2,90
Distrito Federal;Centro-Oeste;01/06/22;-1,10
Goiás;Centro-Oeste;01/06/22;0,40
Bahia;Nordeste;01/06/22;-0,70
Ceará;Nordeste;01/06/22;-6,00
Pernambuco;Nordeste;01/06/22;-0,70
Espírito Santo;Sudeste;01/06/22;-0,40
Minas Gerais;Sudeste;01/06/22;-2,60
Rio de Janeiro;Sudeste;01/06/22;2,40
São Paulo;Sudeste;01/06/22;0,00
Paraná;Sul;01/06/22;1,40
Rio Grande do Sul;Sul;01/06/22;1,90
Santa Catarina;Sul;01/06/22;-1,10
Distrito Federal;Centro-Oeste;01/06/23;3,00
Goiás;Centro-Oeste;01/06/23;0,50
Bahia;Nordeste;01/06/23;-2,70
Ceará;Nordeste;01/06/23;-5,10
Pernambuco;Nordeste;01/06/23;-2,60
Espírito Santo;Sudeste;01/06/23;-2,70
Minas Gerais;Sudeste;01/06/23;0,80
Rio de Janeiro;Sudeste;01/06/23;-3,20
São Paulo;Sudeste;01/06/23;0,10
Paraná;Sul;01/06/23;0,90
Rio Grande do Sul;Sul;01/06/23;0,50
Santa Catarina;Sul;01/06/23;0,00
Distrito Federal;Centro-Oeste;01/06/24;-2,80
Goiás;Centro-Oeste;01/06/24;0,50
Bahia;Nordeste;01/06/24;2,60
Ceará;Nordeste;01/06/24;1,60
Pernambuco;Nordeste;01/06/24;0,70
Espírito Santo;Sudeste;01/06/24;4,30
Minas Gerais;Sudeste;01/06/24;1,30
Rio de Janeiro;Sudeste;01/06/24;1,40
São Paulo;Sudeste;01/06/24;2,10
Paraná;Sul;01/06/24;3,00
Rio Grande do Sul;Sul;01/06/24;-13,30
Santa Catarina;Sul;01/06/24;2,60
Distrito Federal;Centro-Oeste;01/07/11;2,00
Goiás;Centro-Oeste;01/07/11;0,60
Bahia;Nordeste;01/07/11;-0,30
Ceará;Nordeste;01/07/11;2,20
Pernambuco;Nordeste;01/07/11;0,30
Espírito Santo;Sudeste;01/07/11;1,70
Minas Gerais;Sudeste;01/07/11;-0,10
Rio de Janeiro;Sudeste;01/07/11;3,00
São Paulo;Sudeste;01/07/11;1,50
Paraná;Sul;01/07/11;-0,40
Rio Grande do Sul;Sul;01/07/11;1,30
Santa Catarina;Sul;01/07/11;-0,40
Distrito Federal;Centro-Oeste;01/07/12;-2,20
Goiás;Centro-Oeste;01/07/12;-5,10
Bahia;Nordeste;01/07/12;-1,30
Ceará;Nordeste;01/07/12;1,50
Pernambuco;Nordeste;01/07/12;-1,30
Espírito Santo;Sudeste;01/07/12;-1,00
Minas Gerais;Sudeste;01/07/12;-2,10
Rio de Janeiro;Sudeste;01/07/12;0,50
São Paulo;Sudeste;01/07/12;0,80
Paraná;Sul;01/07/12;-1,20
Rio Grande do Sul;Sul;01/07/12;-3,90
Santa Catarina;Sul;01/07/12;-0,50
Distrito Federal;Centro-Oeste;01/07/13;-0,30
Goiás;Centro-Oeste;01/07/13;3,40
Bahia;Nordeste;01/07/13;3,80
Ceará;Nordeste;01/07/13;3,90
Pernambuco;Nordeste;01/07/13;-1,60
Espírito Santo;Sudeste;01/07/13;6,10
Minas Gerais;Sudeste;01/07/13;0,80
Rio de Janeiro;Sudeste;01/07/13;-1,20
São Paulo;Sudeste;01/07/13;-0,60
Paraná;Sul;01/07/13;0,70
Rio Grande do Sul;Sul;01/07/13;0,30
Santa Catarina;Sul;01/07/13;0,70
Distrito Federal;Centro-Oeste;01/07/14;4,10
Goiás;Centro-Oeste;01/07/14;-0,90
Bahia;Nordeste;01/07/14;8,90
Ceará;Nordeste;01/07/14;-1,10
Pernambuco;Nordeste;01/07/14;2,10
Espírito Santo;Sudeste;01/07/14;5,50
Minas Gerais;Sudeste;01/07/14;1,00
Rio de Janeiro;Sudeste;01/07/14;-2,90
São Paulo;Sudeste;01/07/14;1,50
Paraná;Sul;01/07/14;1,80
Rio Grande do Sul;Sul;01/07/14;1,00
Santa Catarina;Sul;01/07/14;4,60
Distrito Federal;Centro-Oeste;01/07/15;0,40
Goiás;Centro-Oeste;01/07/15;-0,60
Bahia;Nordeste;01/07/15;0,60
Ceará;Nordeste;01/07/15;-1,30
Pernambuco;Nordeste;01/07/15;-2,40
Espírito Santo;Sudeste;01/07/15;-2,10
Minas Gerais;Sudeste;01/07/15;-1,20
Rio de Janeiro;Sudeste;01/07/15;2,80
São Paulo;Sudeste;01/07/15;-0,80
Paraná;Sul;01/07/15;0,10
Rio Grande do Sul;Sul;01/07/15;0,10
Santa Catarina;Sul;01/07/15;0,40
Distrito Federal;Centro-Oeste;01/07/16;-4,00
Goiás;Centro-Oeste;01/07/16;-2,50
Bahia;Nordeste;01/07/16;-2,60
Ceará;Nordeste;01/07/16;-2,10
Pernambuco;Nordeste;01/07/16;0,40
Espírito Santo;Sudeste;01/07/16;-1,60
Minas Gerais;Sudeste;01/07/16;2,10
Rio de Janeiro;Sudeste;01/07/16;-0,70
São Paulo;Sudeste;01/07/16;2,60
Paraná;Sul;01/07/16;0,80
Rio Grande do Sul;Sul;01/07/16;-0,30
Santa Catarina;Sul;01/07/16;-1,60
Distrito Federal;Centro-Oeste;01/07/17;-1,30
Goiás;Centro-Oeste;01/07/17;0,90
Bahia;Nordeste;01/07/17;-3,30
Ceará;Nordeste;01/07/17;0,50
Pernambuco;Nordeste;01/07/17;-1,00
Espírito Santo;Sudeste;01/07/17;-7,20
Minas Gerais;Sudeste;01/07/17;0,70
Rio de Janeiro;Sudeste;01/07/17;-1,30
São Paulo;Sudeste;01/07/17;0,50
Paraná;Sul;01/07/17;-0,10
Rio Grande do Sul;Sul;01/07/17;1,10
Santa Catarina;Sul;01/07/17;1,40
Distrito Federal;Centro-Oeste;01/07/18;-2,60
Goiás;Centro-Oeste;01/07/18;-0,50
Bahia;Nordeste;01/07/18;1,90
Ceará;Nordeste;01/07/18;0,20
Pernambuco;Nordeste;01/07/18;-3,50
Espírito Santo;Sudeste;01/07/18;1,30
Minas Gerais;Sudeste;01/07/18;-1,80
Rio de Janeiro;Sudeste;01/07/18;-8,50
São Paulo;Sudeste;01/07/18;-1,70
Paraná;Sul;01/07/18;-2,70
Rio Grande do Sul;Sul;01/07/18;0,10
Santa Catarina;Sul;01/07/18;-2,30
Distrito Federal;Centro-Oeste;01/07/19;7,10
Goiás;Centro-Oeste;01/07/19;1,00
Bahia;Nordeste;01/07/19;3,90
Ceará;Nordeste;01/07/19;0,30
Pernambuco;Nordeste;01/07/19;-2,70
Espírito Santo;Sudeste;01/07/19;1,30
Minas Gerais;Sudeste;01/07/19;-0,10
Rio de Janeiro;Sudeste;01/07/19;2,50
São Paulo;Sudeste;01/07/19;1,30
Paraná;Sul;01/07/19;1,40
Rio Grande do Sul;Sul;01/07/19;-0,60
Santa Catarina;Sul;01/07/19;0,70
Distrito Federal;Centro-Oeste;01/07/20;8,40
Goiás;Centro-Oeste;01/07/20;-0,10
Bahia;Nordeste;01/07/20;-2,00
Ceará;Nordeste;01/07/20;-4,10
Pernambuco;Nordeste;01/07/20;3,00
Espírito Santo;Sudeste;01/07/20;0,70
Minas Gerais;Sudeste;01/07/20;0,40
Rio de Janeiro;Sudeste;01/07/20;3,90
São Paulo;Sudeste;01/07/20;2,90
Paraná;Sul;01/07/20;2,30
Rio Grande do Sul;Sul;01/07/20;5,20
Santa Catarina;Sul;01/07/20;3,70
Distrito Federal;Centro-Oeste;01/07/21;-0,20
Goiás;Centro-Oeste;01/07/21;-1,70
Bahia;Nordeste;01/07/21;-0,50
Ceará;Nordeste;01/07/21;3,20
Pernambuco;Nordeste;01/07/21;5,50
Espírito Santo;Sudeste;01/07/21;4,00
Minas Gerais;Sudeste;01/07/21;1,30
Rio de Janeiro;Sudeste;01/07/21;-4,40
São Paulo;Sudeste;01/07/21;0,90
Paraná;Sul;01/07/21;3,00
Rio Grande do Sul;Sul;01/07/21;7,10
Santa Catarina;Sul;01/07/21;-0,90
Distrito Federal;Centro-Oeste;01/07/22;-1,50
Goiás;Centro-Oeste;01/07/22;6,10
Bahia;Nordeste;01/07/22;0,40
Ceará;Nordeste;01/07/22;-2,60
Pernambuco;Nordeste;01/07/22;8,00
Espírito Santo;Sudeste;01/07/22;-1,10
Minas Gerais;Sudeste;01/07/22;1,00
Rio de Janeiro;Sudeste;01/07/22;-0,60
São Paulo;Sudeste;01/07/22;1,40
Paraná;Sul;01/07/22;-0,80
Rio Grande do Sul;Sul;01/07/22;1,50
Santa Catarina;Sul;01/07/22;3,10
Distrito Federal;Centro-Oeste;01/07/23;-4,00
Goiás;Centro-Oeste;01/07/23;8,10
Bahia;Nordeste;01/07/23;2,50
Ceará;Nordeste;01/07/23;5,90
Pernambuco;Nordeste;01/07/23;1,40
Espírito Santo;Sudeste;01/07/23;-1,80
Minas Gerais;Sudeste;01/07/23;0,10
Rio de Janeiro;Sudeste;01/07/23;1,80
São Paulo;Sudeste;01/07/23;0,20
Paraná;Sul;01/07/23;-0,20
Rio Grande do Sul;Sul;01/07/23;-1,20
Santa Catarina;Sul;01/07/23;-0,50
Distrito Federal;Centro-Oeste;01/07/24;15,30
Goiás;Centro-Oeste;01/07/24;-0,40
Bahia;Nordeste;01/07/24;-0,10
Ceará;Nordeste;01/07/24;-0,40
Pernambuco;Nordeste;01/07/24;-0,10
Espírito Santo;Sudeste;01/07/24;-2,20
Minas Gerais;Sudeste;01/07/24;1,00
Rio de Janeiro;Sudeste;01/07/24;0,90
São Paulo;Sudeste;01/07/24;0,30
Paraná;Sul;01/07/24;-0,30
Rio Grande do Sul;Sul;01/07/24;1,30
Santa Catarina;Sul;01/07/24;1,10
Distrito Federal;Centro-Oeste;01/08/11;-2,80
Goiás;Centro-Oeste;01/08/11;1,00
Bahia;Nordeste;01/08/11;2,40
Ceará;Nordeste;01/08/11;0,30
Pernambuco;Nordeste;01/08/11;0,60
Espírito Santo;Sudeste;01/08/11;1,10
Minas Gerais;Sudeste;01/08/11;0,70
Rio de Janeiro;Sudeste;01/08/11;0,10
São Paulo;Sudeste;01/08/11;-0,80
Paraná;Sul;01/08/11;-0,10
Rio Grande do Sul;Sul;01/08/11;-1,60
Santa Catarina;Sul;01/08/11;-0,10
Distrito Federal;Centro-Oeste;01/08/12;3,20
Goiás;Centro-Oeste;01/08/12;1,50
Bahia;Nordeste;01/08/12;1,20
Ceará;Nordeste;01/08/12;1,00
Pernambuco;Nordeste;01/08/12;1,50
Espírito Santo;Sudeste;01/08/12;0,00
Minas Gerais;Sudeste;01/08/12;0,80
Rio de Janeiro;Sudeste;01/08/12;1,50
São Paulo;Sudeste;01/08/12;1,30
Paraná;Sul;01/08/12;1,30
Rio Grande do Sul;Sul;01/08/12;1,40
Santa Catarina;Sul;01/08/12;2,50
Distrito Federal;Centro-Oeste;01/08/13;3,10
Goiás;Centro-Oeste;01/08/13;-0,70
Bahia;Nordeste;01/08/13;-6,10
Ceará;Nordeste;01/08/13;-5,20
Pernambuco;Nordeste;01/08/13;1,10
Espírito Santo;Sudeste;01/08/13;-5,70
Minas Gerais;Sudeste;01/08/13;-0,70
Rio de Janeiro;Sudeste;01/08/13;0,90
São Paulo;Sudeste;01/08/13;-0,50
Paraná;Sul;01/08/13;0,40
Rio Grande do Sul;Sul;01/08/13;1,40
Santa Catarina;Sul;01/08/13;-0,50
Distrito Federal;Centro-Oeste;01/08/14;-4,40
Goiás;Centro-Oeste;01/08/14;-1,00
Bahia;Nordeste;01/08/14;-3,50
Ceará;Nordeste;01/08/14;0,90
Pernambuco;Nordeste;01/08/14;-2,00
Espírito Santo;Sudeste;01/08/14;0,80
Minas Gerais;Sudeste;01/08/14;0,50
Rio de Janeiro;Sudeste;01/08/14;-2,00
São Paulo;Sudeste;01/08/14;0,20
Paraná;Sul;01/08/14;-0,30
Rio Grande do Sul;Sul;01/08/14;-0,40
Santa Catarina;Sul;01/08/14;-0,50
Distrito Federal;Centro-Oeste;01/08/15;2,40
Goiás;Centro-Oeste;01/08/15;1,80
Bahia;Nordeste;01/08/15;0,40
Ceará;Nordeste;01/08/15;1,50
Pernambuco;Nordeste;01/08/15;2,70
Espírito Santo;Sudeste;01/08/15;9,00
Minas Gerais;Sudeste;01/08/15;-0,20
Rio de Janeiro;Sudeste;01/08/15;-0,60
São Paulo;Sudeste;01/08/15;-0,40
Paraná;Sul;01/08/15;0,70
Rio Grande do Sul;Sul;01/08/15;-0,50
Santa Catarina;Sul;01/08/15;-0,10
Distrito Federal;Centro-Oeste;01/08/16;-1,10
Goiás;Centro-Oeste;01/08/16;-1,30
Bahia;Nordeste;01/08/16;-4,60
Ceará;Nordeste;01/08/16;0,20
Pernambuco;Nordeste;01/08/16;-2,40
Espírito Santo;Sudeste;01/08/16;-2,00
Minas Gerais;Sudeste;01/08/16;-3,50
Rio de Janeiro;Sudeste;01/08/16;2,80
São Paulo;Sudeste;01/08/16;-2,60
Paraná;Sul;01/08/16;-0,90
Rio Grande do Sul;Sul;01/08/16;-0,90
Santa Catarina;Sul;01/08/16;-1,50
Distrito Federal;Centro-Oeste;01/08/17;-0,70
Goiás;Centro-Oeste;01/08/17;0,80
Bahia;Nordeste;01/08/17;2,80
Ceará;Nordeste;01/08/17;-2,30
Pernambuco;Nordeste;01/08/17;-2,50
Espírito Santo;Sudeste;01/08/17;0,90
Minas Gerais;Sudeste;01/08/17;0,20
Rio de Janeiro;Sudeste;01/08/17;1,20
São Paulo;Sudeste;01/08/17;-1,70
Paraná;Sul;01/08/17;-2,00
Rio Grande do Sul;Sul;01/08/17;-2,80
Santa Catarina;Sul;01/08/17;-2,10
Distrito Federal;Centro-Oeste;01/08/18;4,30
Goiás;Centro-Oeste;01/08/18;-1,20
Bahia;Nordeste;01/08/18;-1,10
Ceará;Nordeste;01/08/18;0,30
Pernambuco;Nordeste;01/08/18;7,20
Espírito Santo;Sudeste;01/08/18;-4,90
Minas Gerais;Sudeste;01/08/18;0,00
Rio de Janeiro;Sudeste;01/08/18;3,40
São Paulo;Sudeste;01/08/18;1,20
Paraná;Sul;01/08/18;1,70
Rio Grande do Sul;Sul;01/08/18;-0,10
Santa Catarina;Sul;01/08/18;3,50
Distrito Federal;Centro-Oeste;01/08/19;-2,80
Goiás;Centro-Oeste;01/08/19;-1,10
Bahia;Nordeste;01/08/19;-0,30
Ceará;Nordeste;01/08/19;-2,90
Pernambuco;Nordeste;01/08/19;0,30
Espírito Santo;Sudeste;01/08/19;0,90
Minas Gerais;Sudeste;01/08/19;-0,90
Rio de Janeiro;Sudeste;01/08/19;0,40
São Paulo;Sudeste;01/08/19;-0,50
Paraná;Sul;01/08/19;-0,20
Rio Grande do Sul;Sul;01/08/19;1,10
Santa Catarina;Sul;01/08/19;-1,20
Distrito Federal;Centro-Oeste;01/08/20;1,90
Goiás;Centro-Oeste;01/08/20;5,80
Bahia;Nordeste;01/08/20;3,00
Ceará;Nordeste;01/08/20;9,00
Pernambuco;Nordeste;01/08/20;3,70
Espírito Santo;Sudeste;01/08/20;4,70
Minas Gerais;Sudeste;01/08/20;6,40
Rio de Janeiro;Sudeste;01/08/20;2,20
São Paulo;Sudeste;01/08/20;1,60
Paraná;Sul;01/08/20;2,50
Rio Grande do Sul;Sul;01/08/20;1,80
Santa Catarina;Sul;01/08/20;3,70
Distrito Federal;Centro-Oeste;01/08/21;-3,10
Goiás;Centro-Oeste;01/08/21;2,20
Bahia;Nordeste;01/08/21;1,70
Ceará;Nordeste;01/08/21;3,20
Pernambuco;Nordeste;01/08/21;-1,70
Espírito Santo;Sudeste;01/08/21;0,80
Minas Gerais;Sudeste;01/08/21;-1,30
Rio de Janeiro;Sudeste;01/08/21;-0,10
São Paulo;Sudeste;01/08/21;0,60
Paraná;Sul;01/08/21;0,20
Rio Grande do Sul;Sul;01/08/21;5,30
Santa Catarina;Sul;01/08/21;1,30
Distrito Federal;Centro-Oeste;01/08/22;5,60
Goiás;Centro-Oeste;01/08/22;-3,20
Bahia;Nordeste;01/08/22;2,30
Ceará;Nordeste;01/08/22;1,90
Pernambuco;Nordeste;01/08/22;3,00
Espírito Santo;Sudeste;01/08/22;1,50
Minas Gerais;Sudeste;01/08/22;2,80
Rio de Janeiro;Sudeste;01/08/22;1,10
São Paulo;Sudeste;01/08/22;1,80
Paraná;Sul;01/08/22;4,00
Rio Grande do Sul;Sul;01/08/22;-0,70
Santa Catarina;Sul;01/08/22;1,10
Distrito Federal;Centro-Oeste;01/08/23;0,40
Goiás;Centro-Oeste;01/08/23;-2,90
Bahia;Nordeste;01/08/23;-2,80
Ceará;Nordeste;01/08/23;-3,40
Pernambuco;Nordeste;01/08/23;-1,90
Espírito Santo;Sudeste;01/08/23;-0,80
Minas Gerais;Sudeste;01/08/23;-1,00
Rio de Janeiro;Sudeste;01/08/23;1,00
São Paulo;Sudeste;01/08/23;0,30
Paraná;Sul;01/08/23;0,50
Rio Grande do Sul;Sul;01/08/23;-0,60
Santa Catarina;Sul;01/08/23;-0,70
Distrito Federal;Centro-Oeste;01/09/11;1,10
Goiás;Centro-Oeste;01/09/11;0,10
Bahia;Nordeste;01/09/11;-0,20
Ceará;Nordeste;01/09/11;0,30
Pernambuco;Nordeste;01/09/11;-1,50
Espírito Santo;Sudeste;01/09/11;-1,10
Minas Gerais;Sudeste;01/09/11;0,60
Rio de Janeiro;Sudeste;01/09/11;-0,90
São Paulo;Sudeste;01/09/11;-0,50
Paraná;Sul;01/09/11;0,00
Rio Grande do Sul;Sul;01/09/11;3,10
Santa Catarina;Sul;01/09/11;-0,20
Distrito Federal;Centro-Oeste;01/09/12;-2,90
Goiás;Centro-Oeste;01/09/12;0,70
Bahia;Nordeste;01/09/12;0,00
Ceará;Nordeste;01/09/12;0,90
Pernambuco;Nordeste;01/09/12;0,30
Espírito Santo;Sudeste;01/09/12;-1,30
Minas Gerais;Sudeste;01/09/12;-1,10
Rio de Janeiro;Sudeste;01/09/12;-2,60
São Paulo;Sudeste;01/09/12;0,00
Paraná;Sul;01/09/12;0,00
Rio Grande do Sul;Sul;01/09/12;-0,60
Santa Catarina;Sul;01/09/12;-0,40
Distrito Federal;Centro-Oeste;01/09/13;-1,50
Goiás;Centro-Oeste;01/09/13;0,30
Bahia;Nordeste;01/09/13;0,00
Ceará;Nordeste;01/09/13;-1,30
Pernambuco;Nordeste;01/09/13;0,30
Espírito Santo;Sudeste;01/09/13;-1,60
Minas Gerais;Sudeste;01/09/13;1,30
Rio de Janeiro;Sudeste;01/09/13;1,40
São Paulo;Sudeste;01/09/13;1,00
Paraná;Sul;01/09/13;0,40
Rio Grande do Sul;Sul;01/09/13;-2,30
Santa Catarina;Sul;01/09/13;1,90
Distrito Federal;Centro-Oeste;01/09/14;4,40
Goiás;Centro-Oeste;01/09/14;0,60
Bahia;Nordeste;01/09/14;-0,40
Ceará;Nordeste;01/09/14;1,50
Pernambuco;Nordeste;01/09/14;-0,10
Espírito Santo;Sudeste;01/09/14;2,60
Minas Gerais;Sudeste;01/09/14;-0,80
Rio de Janeiro;Sudeste;01/09/14;0,60
São Paulo;Sudeste;01/09/14;1,50
Paraná;Sul;01/09/14;-1,80
Rio Grande do Sul;Sul;01/09/14;0,00
Santa Catarina;Sul;01/09/14;-0,20
Distrito Federal;Centro-Oeste;01/09/15;1,70
Goiás;Centro-Oeste;01/09/15;0,10
Bahia;Nordeste;01/09/15;0,20
Ceará;Nordeste;01/09/15;-0,40
Pernambuco;Nordeste;01/09/15;-1,40
Espírito Santo;Sudeste;01/09/15;-4,60
Minas Gerais;Sudeste;01/09/15;-1,70
Rio de Janeiro;Sudeste;01/09/15;0,10
São Paulo;Sudeste;01/09/15;-1,00
Paraná;Sul;01/09/15;1,40
Rio Grande do Sul;Sul;01/09/15;-0,50
Santa Catarina;Sul;01/09/15;-1,30
Distrito Federal;Centro-Oeste;01/09/16;-4,10
Goiás;Centro-Oeste;01/09/16;-1,20
Bahia;Nordeste;01/09/16;0,70
Ceará;Nordeste;01/09/16;-0,50
Pernambuco;Nordeste;01/09/16;1,30
Espírito Santo;Sudeste;01/09/16;1,30
Minas Gerais;Sudeste;01/09/16;1,30
Rio de Janeiro;Sudeste;01/09/16;-6,00
São Paulo;Sudeste;01/09/16;0,70
Paraná;Sul;01/09/16;0,00
Rio Grande do Sul;Sul;01/09/16;1,10
Santa Catarina;Sul;01/09/16;0,60
Distrito Federal;Centro-Oeste;01/09/17;4,10
Goiás;Centro-Oeste;01/09/17;-1,10
Bahia;Nordeste;01/09/17;0,00
Ceará;Nordeste;01/09/17;0,40
Pernambuco;Nordeste;01/09/17;0,10
Espírito Santo;Sudeste;01/09/17;-1,50
Minas Gerais;Sudeste;01/09/17;0,20
Rio de Janeiro;Sudeste;01/09/17;0,80
São Paulo;Sudeste;01/09/17;-1,50
Paraná;Sul;01/09/17;0,40
Rio Grande do Sul;Sul;01/09/17;-0,60
Santa Catarina;Sul;01/09/17;-0,30
Distrito Federal;Centro-Oeste;01/09/18;-4,10
Goiás;Centro-Oeste;01/09/18;-0,80
Bahia;Nordeste;01/09/18;-0,90
Ceará;Nordeste;01/09/18;-2,80
Pernambuco;Nordeste;01/09/18;-1,00
Espírito Santo;Sudeste;01/09/18;1,80
Minas Gerais;Sudeste;01/09/18;0,10
Rio de Janeiro;Sudeste;01/09/18;-2,70
São Paulo;Sudeste;01/09/18;-0,20
Paraná;Sul;01/09/18;-1,90
Rio Grande do Sul;Sul;01/09/18;-0,60
Santa Catarina;Sul;01/09/18;-1,20
Distrito Federal;Centro-Oeste;01/09/19;1,00
Goiás;Centro-Oeste;01/09/19;-0,30
Bahia;Nordeste;01/09/19;-3,00
Ceará;Nordeste;01/09/19;0,00
Pernambuco;Nordeste;01/09/19;0,70
Espírito Santo;Sudeste;01/09/19;-4,00
Minas Gerais;Sudeste;01/09/19;-0,10
Rio de Janeiro;Sudeste;01/09/19;2,00
São Paulo;Sudeste;01/09/19;1,90
Paraná;Sul;01/09/19;-0,90
Rio Grande do Sul;Sul;01/09/19;-1,00
Santa Catarina;Sul;01/09/19;-1,40
Distrito Federal;Centro-Oeste;01/09/20;1,30
Goiás;Centro-Oeste;01/09/20;5,00
Bahia;Nordeste;01/09/20;6,30
Ceará;Nordeste;01/09/20;4,30
Pernambuco;Nordeste;01/09/20;1,40
Espírito Santo;Sudeste;01/09/20;3,90
Minas Gerais;Sudeste;01/09/20;3,80
Rio de Janeiro;Sudeste;01/09/20;-1,60
São Paulo;Sudeste;01/09/20;3,50
Paraná;Sul;01/09/20;4,30
Rio Grande do Sul;Sul;01/09/20;2,00
Santa Catarina;Sul;01/09/20;4,10
Distrito Federal;Centro-Oeste;01/09/21;2,50
Goiás;Centro-Oeste;01/09/21;-0,30
Bahia;Nordeste;01/09/21;0,10
Ceará;Nordeste;01/09/21;-0,80
Pernambuco;Nordeste;01/09/21;-0,40
Espírito Santo;Sudeste;01/09/21;-2,80
Minas Gerais;Sudeste;01/09/21;-0,90
Rio de Janeiro;Sudeste;01/09/21;1,90
São Paulo;Sudeste;01/09/21;-1,80
Paraná;Sul;01/09/21;0,70
Rio Grande do Sul;Sul;01/09/21;-3,90
Santa Catarina;Sul;01/09/21;0,30
Distrito Federal;Centro-Oeste;01/09/22;1,40
Goiás;Centro-Oeste;01/09/22;0,80
Bahia;Nordeste;01/09/22;1,50
Ceará;Nordeste;01/09/22;0,70
Pernambuco;Nordeste;01/09/22;-1,10
Espírito Santo;Sudeste;01/09/22;3,20
Minas Gerais;Sudeste;01/09/22;0,50
Rio de Janeiro;Sudeste;01/09/22;0,00
São Paulo;Sudeste;01/09/22;0,00
Paraná;Sul;01/09/22;-1,80
Rio Grande do Sul;Sul;01/09/22;2,00
Santa Catarina;Sul;01/09/22;3,30
Distrito Federal;Centro-Oeste;01/09/23;-3,10
Goiás;Centro-Oeste;01/09/23;-4,60
Bahia;Nordeste;01/09/23;0,60
Ceará;Nordeste;01/09/23;2,80
Pernambuco;Nordeste;01/09/23;1,30
Espírito Santo;Sudeste;01/09/23;-0,80
Minas Gerais;Sudeste;01/09/23;-1,20
Rio de Janeiro;Sudeste;01/09/23;1,50
São Paulo;Sudeste;01/09/23;-0,70
Paraná;Sul;01/09/23;-0,20
Rio Grande do Sul;Sul;01/09/23;-3,30
Santa Catarina;Sul;01/09/23;-0,70
Distrito Federal;Centro-Oeste;01/10/11;-0,40
Goiás;Centro-Oeste;01/10/11;-0,50
Bahia;Nordeste;01/10/11;-3,90
Ceará;Nordeste;01/10/11;-0,30
Pernambuco;Nordeste;01/10/11;0,50
Espírito Santo;Sudeste;01/10/11;-0,20
Minas Gerais;Sudeste;01/10/11;-0,40
Rio de Janeiro;Sudeste;01/10/11;-2,40
São Paulo;Sudeste;01/10/11;-0,50
Paraná;Sul;01/10/11;0,90
Rio Grande do Sul;Sul;01/10/11;-1,10
Santa Catarina;Sul;01/10/11;0,90
Distrito Federal;Centro-Oeste;01/10/12;4,90
Goiás;Centro-Oeste;01/10/12;0,80
Bahia;Nordeste;01/10/12;3,10
Ceará;Nordeste;01/10/12;0,30
Pernambuco;Nordeste;01/10/12;0,20
Espírito Santo;Sudeste;01/10/12;2,10
Minas Gerais;Sudeste;01/10/12;0,50
Rio de Janeiro;Sudeste;01/10/12;3,30
São Paulo;Sudeste;01/10/12;-0,30
Paraná;Sul;01/10/12;0,80
Rio Grande do Sul;Sul;01/10/12;0,00
Santa Catarina;Sul;01/10/12;-0,70
Distrito Federal;Centro-Oeste;01/10/13;3,70
Goiás;Centro-Oeste;01/10/13;0,40
Bahia;Nordeste;01/10/13;-0,60
Ceará;Nordeste;01/10/13;1,70
Pernambuco;Nordeste;01/10/13;0,60
Espírito Santo;Sudeste;01/10/13;0,10
Minas Gerais;Sudeste;01/10/13;-0,80
Rio de Janeiro;Sudeste;01/10/13;0,30
São Paulo;Sudeste;01/10/13;1,60
Paraná;Sul;01/10/13;-0,70
Rio Grande do Sul;Sul;01/10/13;0,60
Santa Catarina;Sul;01/10/13;0,00
Distrito Federal;Centro-Oeste;01/10/14;-2,20
Goiás;Centro-Oeste;01/10/14;0,90
Bahia;Nordeste;01/10/14;-0,70
Ceará;Nordeste;01/10/14;4,40
Pernambuco;Nordeste;01/10/14;-0,10
Espírito Santo;Sudeste;01/10/14;-0,10
Minas Gerais;Sudeste;01/10/14;0,20
Rio de Janeiro;Sudeste;01/10/14;-0,60
São Paulo;Sudeste;01/10/14;0,60
Paraná;Sul;01/10/14;1,00
Rio Grande do Sul;Sul;01/10/14;3,80
Santa Catarina;Sul;01/10/14;3,40
Distrito Federal;Centro-Oeste;01/10/15;-4,60
Goiás;Centro-Oeste;01/10/15;-0,60
Bahia;Nordeste;01/10/15;-1,70
Ceará;Nordeste;01/10/15;-0,70
Pernambuco;Nordeste;01/10/15;-1,80
Espírito Santo;Sudeste;01/10/15;-2,50
Minas Gerais;Sudeste;01/10/15;0,80
Rio de Janeiro;Sudeste;01/10/15;1,90
São Paulo;Sudeste;01/10/15;0,40
Paraná;Sul;01/10/15;0,40
Rio Grande do Sul;Sul;01/10/15;-0,60
Santa Catarina;Sul;01/10/15;-0,70
Distrito Federal;Centro-Oeste;01/10/16;-1,70
Goiás;Centro-Oeste;01/10/16;-1,80
Bahia;Nordeste;01/10/16;0,20
Ceará;Nordeste;01/10/16;-1,30
Pernambuco;Nordeste;01/10/16;0,00
Espírito Santo;Sudeste;01/10/16;-0,20
Minas Gerais;Sudeste;01/10/16;-4,40
Rio de Janeiro;Sudeste;01/10/16;-2,10
São Paulo;Sudeste;01/10/16;-1,80
Paraná;Sul;01/10/16;-2,00
Rio Grande do Sul;Sul;01/10/16;-1,10
Santa Catarina;Sul;01/10/16;-2,00
Distrito Federal;Centro-Oeste;01/10/17;1,60
Goiás;Centro-Oeste;01/10/17;-3,40
Bahia;Nordeste;01/10/17;4,40
Ceará;Nordeste;01/10/17;-6,80
Pernambuco;Nordeste;01/10/17;0,50
Espírito Santo;Sudeste;01/10/17;-0,20
Minas Gerais;Sudeste;01/10/17;-0,30
Rio de Janeiro;Sudeste;01/10/17;-0,60
São Paulo;Sudeste;01/10/17;0,30
Paraná;Sul;01/10/17;-3,10
Rio Grande do Sul;Sul;01/10/17;-1,20
Santa Catarina;Sul;01/10/17;0,00
Distrito Federal;Centro-Oeste;01/10/18;0,30
Goiás;Centro-Oeste;01/10/18;-0,80
Bahia;Nordeste;01/10/18;-2,50
Ceará;Nordeste;01/10/18;-0,80
Pernambuco;Nordeste;01/10/18;0,30
Espírito Santo;Sudeste;01/10/18;-1,50
Minas Gerais;Sudeste;01/10/18;-1,40
Rio de Janeiro;Sudeste;01/10/18;-0,40
São Paulo;Sudeste;01/10/18;-0,50
Paraná;Sul;01/10/18;1,70
Rio Grande do Sul;Sul;01/10/18;-0,70
Santa Catarina;Sul;01/10/18;-0,10
Distrito Federal;Centro-Oeste;01/10/19;1,50
Goiás;Centro-Oeste;01/10/19;2,10
Bahia;Nordeste;01/10/19;2,90
Ceará;Nordeste;01/10/19;1,10
Pernambuco;Nordeste;01/10/19;3,20
Espírito Santo;Sudeste;01/10/19;3,20
Minas Gerais;Sudeste;01/10/19;2,80
Rio de Janeiro;Sudeste;01/10/19;2,00
São Paulo;Sudeste;01/10/19;0,70
Paraná;Sul;01/10/19;2,20
Rio Grande do Sul;Sul;01/10/19;2,10
Santa Catarina;Sul;01/10/19;2,50
Distrito Federal;Centro-Oeste;01/10/20;4,60
Goiás;Centro-Oeste;01/10/20;1,80
Bahia;Nordeste;01/10/20;15,20
Ceará;Nordeste;01/10/20;2,80
Pernambuco;Nordeste;01/10/20;9,80
Espírito Santo;Sudeste;01/10/20;-0,10
Minas Gerais;Sudeste;01/10/20;2,40
Rio de Janeiro;Sudeste;01/10/20;4,30
São Paulo;Sudeste;01/10/20;1,50
Paraná;Sul;01/10/20;1,40
Rio Grande do Sul;Sul;01/10/20;3,30
Santa Catarina;Sul;01/10/20;4,10
Distrito Federal;Centro-Oeste;01/10/21;-2,30
Goiás;Centro-Oeste;01/10/21;-0,20
Bahia;Nordeste;01/10/21;-1,60
Ceará;Nordeste;01/10/21;7,70
Pernambuco;Nordeste;01/10/21;3,10
Espírito Santo;Sudeste;01/10/21;-0,90
Minas Gerais;Sudeste;01/10/21;-0,50
Rio de Janeiro;Sudeste;01/10/21;-1,60
São Paulo;Sudeste;01/10/21;-0,10
Paraná;Sul;01/10/21;-0,80
Rio Grande do Sul;Sul;01/10/21;-1,60
Santa Catarina;Sul;01/10/21;0,00
Distrito Federal;Centro-Oeste;01/10/22;-1,50
Goiás;Centro-Oeste;01/10/22;-1,00
Bahia;Nordeste;01/10/22;-1,10
Ceará;Nordeste;01/10/22;-0,70
Pernambuco;Nordeste;01/10/22;-1,80
Espírito Santo;Sudeste;01/10/22;-0,50
Minas Gerais;Sudeste;01/10/22;-0,60
Rio de Janeiro;Sudeste;01/10/22;0,00
São Paulo;Sudeste;01/10/22;0,70
Paraná;Sul;01/10/22;-0,10
Rio Grande do Sul;Sul;01/10/22;-2,50
Santa Catarina;Sul;01/10/22;-1,60
Distrito Federal;Centro-Oeste;01/10/23;2,40
Goiás;Centro-Oeste;01/10/23;-0,40
Bahia;Nordeste;01/10/23;1,80
Ceará;Nordeste;01/10/23;-2,50
Pernambuco;Nordeste;01/10/23;-0,70
Espírito Santo;Sudeste;01/10/23;1,00
Minas Gerais;Sudeste;01/10/23;1,30
Rio de Janeiro;Sudeste;01/10/23;-2,30
São Paulo;Sudeste;01/10/23;0,70
Paraná;Sul;01/10/23;-2,50
Rio Grande do Sul;Sul;01/10/23;2,50
Santa Catarina;Sul;01/10/23;-0,40
Distrito Federal;Centro-Oeste;01/11/11;-1,30
Goiás;Centro-Oeste;01/11/11;-2,90
Bahia;Nordeste;01/11/11;3,40
Ceará;Nordeste;01/11/11;2,40
Pernambuco;Nordeste;01/11/11;1,00
Espírito Santo;Sudeste;01/11/11;1,10
Minas Gerais;Sudeste;01/11/11;1,50
Rio de Janeiro;Sudeste;01/11/11;4,50
São Paulo;Sudeste;01/11/11;1,00
Paraná;Sul;01/11/11;0,00
Rio Grande do Sul;Sul;01/11/11;0,90
Santa Catarina;Sul;01/11/11;-0,30
Distrito Federal;Centro-Oeste;01/11/12;-0,80
Goiás;Centro-Oeste;01/11/12;3,70
Bahia;Nordeste;01/11/12;-2,00
Ceará;Nordeste;01/11/12;-2,10
Pernambuco;Nordeste;01/11/12;0,20
Espírito Santo;Sudeste;01/11/12;-0,40
Minas Gerais;Sudeste;01/11/12;-0,40
Rio de Janeiro;Sudeste;01/11/12;-1,10
São Paulo;Sudeste;01/11/12;0,40
Paraná;Sul;01/11/12;-1,20
Rio Grande do Sul;Sul;01/11/12;-0,70
Santa Catarina;Sul;01/11/12;-0,30
Distrito Federal;Centro-Oeste;01/11/13;2,60
Goiás;Centro-Oeste;01/11/13;3,90
Bahia;Nordeste;01/11/13;-0,90
Ceará;Nordeste;01/11/13;-0,80
Pernambuco;Nordeste;01/11/13;-0,60
Espírito Santo;Sudeste;01/11/13;-1,00
Minas Gerais;Sudeste;01/11/13;-0,70
Rio de Janeiro;Sudeste;01/11/13;0,10
São Paulo;Sudeste;01/11/13;0,80
Paraná;Sul;01/11/13;2,50
Rio Grande do Sul;Sul;01/11/13;0,70
Santa Catarina;Sul;01/11/13;2,10
Distrito Federal;Centro-Oeste;01/11/14;-0,90
Goiás;Centro-Oeste;01/11/14;0,40
Bahia;Nordeste;01/11/14;6,60
Ceará;Nordeste;01/11/14;-2,60
Pernambuco;Nordeste;01/11/14;-0,80
Espírito Santo;Sudeste;01/11/14;0,80
Minas Gerais;Sudeste;01/11/14;2,70
Rio de Janeiro;Sudeste;01/11/14;-0,40
São Paulo;Sudeste;01/11/14;-0,20
Paraná;Sul;01/11/14;1,80
Rio Grande do Sul;Sul;01/11/14;-2,30
Santa Catarina;Sul;01/11/14;0,10
Distrito Federal;Centro-Oeste;01/11/15;-2,90
Goiás;Centro-Oeste;01/11/15;-3,10
Bahia;Nordeste;01/11/15;-5,80
Ceará;Nordeste;01/11/15;1,90
Pernambuco;Nordeste;01/11/15;-0,50
Espírito Santo;Sudeste;01/11/15;0,40
Minas Gerais;Sudeste;01/11/15;-1,20
Rio de Janeiro;Sudeste;01/11/15;-2,70
São Paulo;Sudeste;01/11/15;-1,20
Paraná;Sul;01/11/15;-3,10
Rio Grande do Sul;Sul;01/11/15;-1,20
Santa Catarina;Sul;01/11/15;-0,50
Distrito Federal;Centro-Oeste;01/11/16;3,50
Goiás;Centro-Oeste;01/11/16;-1,10
Bahia;Nordeste;01/11/16;3,10
Ceará;Nordeste;01/11/16;-2,60
Pernambuco;Nordeste;01/11/16;-0,20
Espírito Santo;Sudeste;01/11/16;-1,40
Minas Gerais;Sudeste;01/11/16;3,00
Rio de Janeiro;Sudeste;01/11/16;0,50
São Paulo;Sudeste;01/11/16;-0,30
Paraná;Sul;01/11/16;0,20
Rio Grande do Sul;Sul;01/11/16;-1,90
Santa Catarina;Sul;01/11/16;-2,30
Distrito Federal;Centro-Oeste;01/11/17;-5,30
Goiás;Centro-Oeste;01/11/17;2,50
Bahia;Nordeste;01/11/17;-5,80
Ceará;Nordeste;01/11/17;0,70
Pernambuco;Nordeste;01/11/17;1,30
Espírito Santo;Sudeste;01/11/17;1,80
Minas Gerais;Sudeste;01/11/17;0,70
Rio de Janeiro;Sudeste;01/11/17;0,20
São Paulo;Sudeste;01/11/17;0,10
Paraná;Sul;01/11/17;2,00
Rio Grande do Sul;Sul;01/11/17;1,40
Santa Catarina;Sul;01/11/17;-0,10
Distrito Federal;Centro-Oeste;01/11/18;0,60
Goiás;Centro-Oeste;01/11/18;0,40
Bahia;Nordeste;01/11/18;-0,20
Ceará;Nordeste;01/11/18;0,10
Pernambuco;Nordeste;01/11/18;-2,40
Espírito Santo;Sudeste;01/11/18;0,40
Minas Gerais;Sudeste;01/11/18;-0,30
Rio de Janeiro;Sudeste;01/11/18;-3,60
São Paulo;Sudeste;01/11/18;1,20
Paraná;Sul;01/11/18;-0,90
Rio Grande do Sul;Sul;01/11/18;0,30
Santa Catarina;Sul;01/11/18;1,50
Distrito Federal;Centro-Oeste;01/11/19;3,90
Goiás;Centro-Oeste;01/11/19;-0,30
Bahia;Nordeste;01/11/19;-2,00
Ceará;Nordeste;01/11/19;0,20
Pernambuco;Nordeste;01/11/19;-4,00
Espírito Santo;Sudeste;01/11/19;-2,00
Minas Gerais;Sudeste;01/11/19;-1,10
Rio de Janeiro;Sudeste;01/11/19;-0,50
São Paulo;Sudeste;01/11/19;-0,50
Paraná;Sul;01/11/19;-0,50
Rio Grande do Sul;Sul;01/11/19;-0,10
Santa Catarina;Sul;01/11/19;-1,60
Distrito Federal;Centro-Oeste;01/11/20;-8,90
Goiás;Centro-Oeste;01/11/20;2,80
Bahia;Nordeste;01/11/20;2,60
Ceará;Nordeste;01/11/20;1,30
Pernambuco;Nordeste;01/11/20;2,80
Espírito Santo;Sudeste;01/11/20;-0,80
Minas Gerais;Sudeste;01/11/20;2,20
Rio de Janeiro;Sudeste;01/11/20;0,30
São Paulo;Sudeste;01/11/20;1,80
Paraná;Sul;01/11/20;0,60
Rio Grande do Sul;Sul;01/11/20;4,20
Santa Catarina;Sul;01/11/20;-1,30
Distrito Federal;Centro-Oeste;01/11/21;4,90
Goiás;Centro-Oeste;01/11/21;1,30
Bahia;Nordeste;01/11/21;1,90
Ceará;Nordeste;01/11/21;-0,90
Pernambuco;Nordeste;01/11/21;1,60
Espírito Santo;Sudeste;01/11/21;1,50
Minas Gerais;Sudeste;01/11/21;1,10
Rio de Janeiro;Sudeste;01/11/21;0,90
São Paulo;Sudeste;01/11/21;3,90
Paraná;Sul;01/11/21;1,50
Rio Grande do Sul;Sul;01/11/21;1,30
Santa Catarina;Sul;01/11/21;2,20
Distrito Federal;Centro-Oeste;01/11/22;-0,50
Goiás;Centro-Oeste;01/11/22;-1,40
Bahia;Nordeste;01/11/22;-1,10
Ceará;Nordeste;01/11/22;1,30
Pernambuco;Nordeste;01/11/22;0,40
Espírito Santo;Sudeste;01/11/22;0,20
Minas Gerais;Sudeste;01/11/22;-1,20
Rio de Janeiro;Sudeste;01/11/22;1,90
São Paulo;Sudeste;01/11/22;-1,00
Paraná;Sul;01/11/22;1,90
Rio Grande do Sul;Sul;01/11/22;3,80
Santa Catarina;Sul;01/11/22;-0,10
Distrito Federal;Centro-Oeste;01/11/23;-1,50
Goiás;Centro-Oeste;01/11/23;-1,60
Bahia;Nordeste;01/11/23;-0,30
Ceará;Nordeste;01/11/23;-1,30
Pernambuco;Nordeste;01/11/23;-0,50
Espírito Santo;Sudeste;01/11/23;1,80
Minas Gerais;Sudeste;01/11/23;0,30
Rio de Janeiro;Sudeste;01/11/23;0,30
São Paulo;Sudeste;01/11/23;1,90
Paraná;Sul;01/11/23;2,40
Rio Grande do Sul;Sul;01/11/23;-2,40
Santa Catarina;Sul;01/11/23;1,40
Distrito Federal;Centro-Oeste;01/12/11;2,40
Goiás;Centro-Oeste;01/12/11;6,70
Bahia;Nordeste;01/12/11;2,00
Ceará;Nordeste;01/12/11;0,80
Pernambuco;Nordeste;01/12/11;3,80
Espírito Santo;Sudeste;01/12/11;3,80
Minas Gerais;Sudeste;01/12/11;0,60
Rio de Janeiro;Sudeste;01/12/11;1,60
São Paulo;Sudeste;01/12/11;-0,60
Paraná;Sul;01/12/11;5,70
Rio Grande do Sul;Sul;01/12/11;0,20
Santa Catarina;Sul;01/12/11;4,40
Distrito Federal;Centro-Oeste;01/12/12;-2,60
Goiás;Centro-Oeste;01/12/12;-2,90
Bahia;Nordeste;01/12/12;1,60
Ceará;Nordeste;01/12/12;6,20
Pernambuco;Nordeste;01/12/12;-0,30
Espírito Santo;Sudeste;01/12/12;0,10
Minas Gerais;Sudeste;01/12/12;1,30
Rio de Janeiro;Sudeste;01/12/12;1,40
São Paulo;Sudeste;01/12/12;2,00
Paraná;Sul;01/12/12;-1,00
Rio Grande do Sul;Sul;01/12/12;1,70
Santa Catarina;Sul;01/12/12;2,20
Distrito Federal;Centro-Oeste;01/12/13;3,60
Goiás;Centro-Oeste;01/12/13;-2,50
Bahia;Nordeste;01/12/13;-2,50
Ceará;Nordeste;01/12/13;0,50
Pernambuco;Nordeste;01/12/13;0,40
Espírito Santo;Sudeste;01/12/13;-2,30
Minas Gerais;Sudeste;01/12/13;-0,60
Rio de Janeiro;Sudeste;01/12/13;-0,50
São Paulo;Sudeste;01/12/13;0,60
Paraná;Sul;01/12/13;-1,30
Rio Grande do Sul;Sul;01/12/13;0,10
Santa Catarina;Sul;01/12/13;-1,60
Distrito Federal;Centro-Oeste;01/12/14;0,50
Goiás;Centro-Oeste;01/12/14;-0,40
Bahia;Nordeste;01/12/14;-1,50
Ceará;Nordeste;01/12/14;2,20
Pernambuco;Nordeste;01/12/14;-0,70
Espírito Santo;Sudeste;01/12/14;-2,90
Minas Gerais;Sudeste;01/12/14;-2,60
Rio de Janeiro;Sudeste;01/12/14;-1,20
São Paulo;Sudeste;01/12/14;-1,40
Paraná;Sul;01/12/14;-3,10
Rio Grande do Sul;Sul;01/12/14;-3,00
Santa Catarina;Sul;01/12/14;-4,60
Distrito Federal;Centro-Oeste;01/12/15;2,70
Goiás;Centro-Oeste;01/12/15;0,20
Bahia;Nordeste;01/12/15;4,60
Ceará;Nordeste;01/12/15;0,40
Pernambuco;Nordeste;01/12/15;-1,90
Espírito Santo;Sudeste;01/12/15;-3,10
Minas Gerais;Sudeste;01/12/15;-1,20
Rio de Janeiro;Sudeste;01/12/15;-0,30
São Paulo;Sudeste;01/12/15;-0,20
Paraná;Sul;01/12/15;2,00
Rio Grande do Sul;Sul;01/12/15;-0,60
Santa Catarina;Sul;01/12/15;-1,10
Distrito Federal;Centro-Oeste;01/12/16;-7,70
Goiás;Centro-Oeste;01/12/16;0,20
Bahia;Nordeste;01/12/16;-2,90
Ceará;Nordeste;01/12/16;11,50
Pernambuco;Nordeste;01/12/16;-0,80
Espírito Santo;Sudeste;01/12/16;1,80
Minas Gerais;Sudeste;01/12/16;3,20
Rio de Janeiro;Sudeste;01/12/16;-3,50
São Paulo;Sudeste;01/12/16;0,00
Paraná;Sul;01/12/16;-1,20
Rio Grande do Sul;Sul;01/12/16;-1,30
Santa Catarina;Sul;01/12/16;-2,20
Distrito Federal;Centro-Oeste;01/12/17;2,00
Goiás;Centro-Oeste;01/12/17;1,50
Bahia;Nordeste;01/12/17;0,70
Ceará;Nordeste;01/12/17;2,30
Pernambuco;Nordeste;01/12/17;0,20
Espírito Santo;Sudeste;01/12/17;3,10
Minas Gerais;Sudeste;01/12/17;-0,40
Rio de Janeiro;Sudeste;01/12/17;0,10
São Paulo;Sudeste;01/12/17;1,70
Paraná;Sul;01/12/17;0,00
Rio Grande do Sul;Sul;01/12/17;4,30
Santa Catarina;Sul;01/12/17;2,90
Distrito Federal;Centro-Oeste;01/12/18;4,20
Goiás;Centro-Oeste;01/12/18;1,30
Bahia;Nordeste;01/12/18;-1,30
Ceará;Nordeste;01/12/18;-0,70
Pernambuco;Nordeste;01/12/18;2,50
Espírito Santo;Sudeste;01/12/18;1,00
Minas Gerais;Sudeste;01/12/18;1,80
Rio de Janeiro;Sudeste;01/12/18;3,20
São Paulo;Sudeste;01/12/18;0,10
Paraná;Sul;01/12/18;0,10
Rio Grande do Sul;Sul;01/12/18;0,80
Santa Catarina;Sul;01/12/18;-1,00
Distrito Federal;Centro-Oeste;01/12/19;-6,10
Goiás;Centro-Oeste;01/12/19;-3,70
Bahia;Nordeste;01/12/19;-3,70
Ceará;Nordeste;01/12/19;-2,60
Pernambuco;Nordeste;01/12/19;-3,00
Espírito Santo;Sudeste;01/12/19;-2,20
Minas Gerais;Sudeste;01/12/19;-2,60
Rio de Janeiro;Sudeste;01/12/19;0,60
São Paulo;Sudeste;01/12/19;0,50
Paraná;Sul;01/12/19;-2,80
Rio Grande do Sul;Sul;01/12/19;-0,50
Santa Catarina;Sul;01/12/19;-1,20
Distrito Federal;Centro-Oeste;01/12/20;-5,30
Goiás;Centro-Oeste;01/12/20;1,00
Bahia;Nordeste;01/12/20;-3,60
Ceará;Nordeste;01/12/20;0,90
Pernambuco;Nordeste;01/12/20;-2,20
Espírito Santo;Sudeste;01/12/20;2,50
Minas Gerais;Sudeste;01/12/20;-1,30
Rio de Janeiro;Sudeste;01/12/20;2,30
São Paulo;Sudeste;01/12/20;0,30
Paraná;Sul;01/12/20;1,60
Rio Grande do Sul;Sul;01/12/20;-3,20
Santa Catarina;Sul;01/12/20;-2,50
Distrito Federal;Centro-Oeste;01/12/21;0,50
Goiás;Centro-Oeste;01/12/21;1,60
Bahia;Nordeste;01/12/21;0,40
Ceará;Nordeste;01/12/21;-3,40
Pernambuco;Nordeste;01/12/21;-0,60
Espírito Santo;Sudeste;01/12/21;0,50
Minas Gerais;Sudeste;01/12/21;2,90
Rio de Janeiro;Sudeste;01/12/21;-0,10
São Paulo;Sudeste;01/12/21;3,90
Paraná;Sul;01/12/21;-0,80
Rio Grande do Sul;Sul;01/12/21;0,90
Santa Catarina;Sul;01/12/21;0,20
Distrito Federal;Centro-Oeste;01/12/22;7,50
Goiás;Centro-Oeste;01/12/22;1,90
Bahia;Nordeste;01/12/22;2,80
Ceará;Nordeste;01/12/22;3,80
Pernambuco;Nordeste;01/12/22;1,40
Espírito Santo;Sudeste;01/12/22;-4,60
Minas Gerais;Sudeste;01/12/22;4,70
Rio de Janeiro;Sudeste;01/12/22;7,00
São Paulo;Sudeste;01/12/22;0,70
Paraná;Sul;01/12/22;0,60
Rio Grande do Sul;Sul;01/12/22;0,20
Santa Catarina;Sul;01/12/22;1,40
Distrito Federal;Centro-Oeste;01/12/23;3,30
Goiás;Centro-Oeste;01/12/23;-0,20
Bahia;Nordeste;01/12/23;0,60
Ceará;Nordeste;01/12/23;0,90
Pernambuco;Nordeste;01/12/23;0,50
Espírito Santo;Sudeste;01/12/23;-1,50
Minas Gerais;Sudeste;01/12/23;-1,20
Rio de Janeiro;Sudeste;01/12/23;-2,70
São Paulo;Sudeste;01/12/23;0,60
Paraná;Sul;01/12/23;0,80
Rio Grande do Sul;Sul;01/12/23;1,00
Santa Catarina;Sul;01/12/23;2,00
